GCA_000006745.1_00926	263	hypothetical protein
GCA_000016245.1_00442	263	hypothetical protein
GCA_000021605.1_00884	263	hypothetical protein
GCA_000021625.1_00945	263	hypothetical protein
GCA_000022585.1_02456	263	hypothetical protein
GCA_000152425.1_02155	263	hypothetical protein
GCA_000152445.1_01113	285	hypothetical protein
GCA_000152465.2_01588	263	hypothetical protein
GCA_000153785.3_02531	263	hypothetical protein
GCA_000153865.1_03329	263	hypothetical protein
GCA_000153945.1_02896	263	hypothetical protein
GCA_000153965.1_02285	263	hypothetical protein
GCA_000153985.3_02030	263	hypothetical protein
GCA_000154005.2_01225	263	hypothetical protein
GCA_000166455.2_00409	263	hypothetical protein
GCA_000166475.2_02460	263	hypothetical protein
GCA_000166495.2_00345	263	hypothetical protein
GCA_000167935.2_02307	263	hypothetical protein
GCA_000168895.2_01858	263	hypothetical protein
GCA_000168915.3_01755	263	hypothetical protein
GCA_000168935.3_00021	263	hypothetical protein
GCA_000174115.1_01794	263	hypothetical protein
GCA_000174235.1_03231	262	hypothetical protein
GCA_000174255.1_00124	263	hypothetical protein
GCA_000174275.1_01565	263	hypothetical protein
GCA_000174295.1_02852	263	hypothetical protein
GCA_000174315.1_00206	263	hypothetical protein
GCA_000174335.1_03301	263	hypothetical protein
GCA_000175695.1_02756	263	hypothetical protein
GCA_000175975.1_02287	263	hypothetical protein
GCA_000175995.1_01867	263	hypothetical protein
GCA_000176135.1_02546	272	hypothetical protein
GCA_000176215.1_01131	263	hypothetical protein
GCA_000176375.1_03031	263	hypothetical protein
GCA_000176395.1_01620	263	hypothetical protein
GCA_000176415.1_00170	263	hypothetical protein
GCA_000176435.1_00951	263	hypothetical protein
GCA_000176455.1_01744	263	hypothetical protein
GCA_000176715.1_02881	263	hypothetical protein
GCA_000195065.1_00884	263	hypothetical protein
GCA_000195475.2_02709	272	hypothetical protein
GCA_000220725.2_01561	263	hypothetical protein
GCA_000220745.2_02377	263	hypothetical protein
GCA_000220765.2_00549	263	hypothetical protein
GCA_000220785.2_01758	263	hypothetical protein
GCA_000221345.1_01760	263	hypothetical protein
GCA_000221365.1_01874	263	hypothetical protein
GCA_000221385.1_01889	263	hypothetical protein
GCA_000221405.1_01297	263	hypothetical protein
GCA_000221425.1_00995	263	hypothetical protein
GCA_000221445.1_01041	263	hypothetical protein
GCA_000221465.1_01657	263	hypothetical protein
GCA_000221485.1_01002	263	hypothetical protein
GCA_000222145.1_01218	263	hypothetical protein
GCA_000223095.2_01749	263	hypothetical protein
GCA_000234375.2_01518	263	hypothetical protein
GCA_000234395.2_02390	263	hypothetical protein
GCA_000234415.2_01933	263	hypothetical protein
GCA_000234435.2_02281	263	hypothetical protein
GCA_000234455.2_01662	263	hypothetical protein
GCA_000234865.1_01762	263	hypothetical protein
GCA_000234885.1_00984	263	hypothetical protein
GCA_000234905.1_00992	263	hypothetical protein
GCA_000234925.1_01884	263	hypothetical protein
GCA_000234945.1_01907	263	hypothetical protein
GCA_000234965.1_01253	263	hypothetical protein
GCA_000237405.2_00352	263	hypothetical protein
GCA_000237425.2_01939	263	hypothetical protein
GCA_000237445.2_01143	263	hypothetical protein
GCA_000237465.2_00833	263	hypothetical protein
GCA_000237485.2_02093	263	hypothetical protein
GCA_000237505.2_00503	263	hypothetical protein
GCA_000237525.2_00269	263	hypothetical protein
GCA_000237545.2_02327	263	hypothetical protein
GCA_000237565.2_00917	263	hypothetical protein
GCA_000237585.2_01128	263	hypothetical protein
GCA_000237605.2_01381	263	hypothetical protein
GCA_000237625.2_03129	263	hypothetical protein
GCA_000237645.2_02120	263	hypothetical protein
GCA_000237665.2_01151	263	hypothetical protein
GCA_000237685.2_00608	263	hypothetical protein
GCA_000237705.2_00334	263	hypothetical protein
GCA_000237725.2_02399	263	hypothetical protein
GCA_000237745.2_01765	68	hypothetical protein
GCA_000237745.2_01766	188	hypothetical protein
GCA_000237765.2_01312	263	hypothetical protein
GCA_000237785.2_00370	263	hypothetical protein
GCA_000250855.1_00918	263	hypothetical protein
GCA_000257415.2_00932	263	hypothetical protein
GCA_000272145.2_03432	259	hypothetical protein
GCA_000275645.1_00610	263	hypothetical protein
GCA_000279185.1_00924	263	hypothetical protein
GCA_000279205.1_01890	263	hypothetical protein
GCA_000279245.1_01979	263	hypothetical protein
GCA_000279265.1_01857	263	hypothetical protein
GCA_000279285.1_01084	263	hypothetical protein
GCA_000279305.1_01043	263	hypothetical protein
GCA_000279325.1_01758	263	hypothetical protein
GCA_000279345.1_01904	263	hypothetical protein
GCA_000279375.1_01890	263	hypothetical protein
GCA_000279395.1_00927	263	hypothetical protein
GCA_000279415.1_01032	263	hypothetical protein
GCA_000279435.1_00974	263	hypothetical protein
GCA_000279455.1_01815	263	hypothetical protein
GCA_000279555.1_00906	263	hypothetical protein
GCA_000279785.1_00908	263	hypothetical protein
GCA_000279955.1_01892	263	hypothetical protein
GCA_000281655.1_01152	263	hypothetical protein
GCA_000287115.2_01772	263	hypothetical protein
GCA_000287135.2_01816	263	hypothetical protein
GCA_000287155.2_02629	263	hypothetical protein
GCA_000299495.2_02033	263	hypothetical protein
GCA_000299515.2_00890	263	hypothetical protein
GCA_000299535.2_02526	263	hypothetical protein
GCA_000302755.1_00971	263	hypothetical protein
GCA_000302775.1_01885	263	hypothetical protein
GCA_000302835.1_00947	263	hypothetical protein
GCA_000302855.1_01687	263	hypothetical protein
GCA_000302875.1_01021	263	hypothetical protein
GCA_000302895.1_01142	263	hypothetical protein
GCA_000302965.1_01338	263	hypothetical protein
GCA_000302985.1_01891	263	hypothetical protein
GCA_000303005.1_01515	263	hypothetical protein
GCA_000303045.1_01834	263	hypothetical protein
GCA_000303065.1_01905	263	hypothetical protein
GCA_000303085.1_01892	263	hypothetical protein
GCA_000303105.1_01528	263	hypothetical protein
GCA_000303125.1_01882	263	hypothetical protein
GCA_000304755.1_01319	263	hypothetical protein
GCA_000304775.1_01847	263	hypothetical protein
GCA_000304795.1_01227	263	hypothetical protein
GCA_000304915.2_01108	263	hypothetical protein
GCA_000304935.2_01167	263	hypothetical protein
GCA_000304955.2_00890	263	hypothetical protein
GCA_000304995.1_01602	263	hypothetical protein
GCA_000305015.2_01623	263	hypothetical protein
GCA_000305055.2_01680	263	hypothetical protein
GCA_000305075.2_00992	263	hypothetical protein
GCA_000305095.2_01835	263	hypothetical protein
GCA_000305115.2_01502	263	hypothetical protein
GCA_000305135.2_01503	263	hypothetical protein
GCA_000305195.2_01724	263	hypothetical protein
GCA_000305525.2_00950	263	hypothetical protein
GCA_000305545.2_00791	263	hypothetical protein
GCA_000305565.2_00880	263	hypothetical protein
GCA_000305585.2_01798	263	hypothetical protein
GCA_000305605.1_00919	263	hypothetical protein
GCA_000305625.2_01864	263	hypothetical protein
GCA_000305645.2_01494	263	hypothetical protein
GCA_000305675.2_01476	263	hypothetical protein
GCA_000305695.2_00975	263	hypothetical protein
GCA_000318075.1_01320	263	hypothetical protein
GCA_000318485.2_01437	263	hypothetical protein
GCA_000318505.2_01674	263	hypothetical protein
GCA_000327105.3_00982	263	hypothetical protein
GCA_000327125.3_00981	263	hypothetical protein
GCA_000327145.3_01240	263	hypothetical protein
GCA_000327165.3_00982	263	hypothetical protein
GCA_000327185.3_00970	263	hypothetical protein
GCA_000327205.3_01911	263	hypothetical protein
GCA_000327225.3_01447	263	hypothetical protein
GCA_000327245.3_01865	263	hypothetical protein
GCA_000330905.1_00605	263	hypothetical protein
GCA_000334195.1_03455	409	hypothetical protein
GCA_000338075.1_02623	263	hypothetical protein
GCA_000338215.2_03123	263	hypothetical protein
GCA_000338875.1_03707	263	hypothetical protein
GCA_000348045.2_02921	263	hypothetical protein
GCA_000348065.2_00865	263	hypothetical protein
GCA_000348085.2_01475	263	hypothetical protein
GCA_000348105.2_01101	263	hypothetical protein
GCA_000348125.2_02894	263	hypothetical protein
GCA_000348145.2_01430	263	hypothetical protein
GCA_000348165.2_02985	263	hypothetical protein
GCA_000348185.2_01484	263	hypothetical protein
GCA_000348205.2_03130	263	hypothetical protein
GCA_000348225.2_03186	263	hypothetical protein
GCA_000348245.2_01563	263	hypothetical protein
GCA_000348265.2_01640	263	hypothetical protein
GCA_000348285.2_03168	263	hypothetical protein
GCA_000348305.2_01658	263	hypothetical protein
GCA_000348325.2_01633	263	hypothetical protein
GCA_000348345.2_00572	263	hypothetical protein
GCA_000348365.1_03314	263	hypothetical protein
GCA_000348385.2_01537	263	hypothetical protein
GCA_000348405.2_01564	263	hypothetical protein
GCA_000348425.2_00796	263	hypothetical protein
GCA_000348445.2_01523	263	hypothetical protein
GCA_000348465.2_01572	263	hypothetical protein
GCA_000348485.2_00970	263	hypothetical protein
GCA_000348505.2_01171	263	hypothetical protein
GCA_000387585.1_02297	263	hypothetical protein
GCA_000387605.1_03142	263	hypothetical protein
GCA_000387625.1_01915	263	hypothetical protein
GCA_000387645.1_00924	263	hypothetical protein
GCA_000387665.1_02247	263	hypothetical protein
GCA_000387685.1_03027	263	hypothetical protein
GCA_000387705.1_03190	263	hypothetical protein
GCA_000387725.1_02339	263	hypothetical protein
GCA_000400345.1_02395	409	hypothetical protein
GCA_000438805.2_02890	263	hypothetical protein
GCA_000454475.1_05748	259	hypothetical protein
GCA_000461895.1_03256	272	hypothetical protein
GCA_000473785.1_00868	97	hypothetical protein
GCA_000473785.1_00869	176	hypothetical protein
GCA_000473825.1_00861	263	hypothetical protein
GCA_000474965.1_01101	263	hypothetical protein
GCA_000487955.1_02630	263	hypothetical protein
GCA_000489055.1_04515	259	hypothetical protein
GCA_000489155.1_03242	259	hypothetical protein
GCA_000492095.1_01555	259	hypothetical protein
GCA_000500675.1_00660	263	hypothetical protein
GCA_000500695.1_00794	263	hypothetical protein
GCA_000500715.1_02903	263	hypothetical protein
GCA_000500735.1_02282	263	hypothetical protein
GCA_000518145.1_02810	262	hypothetical protein
GCA_000569115.2_01662	263	hypothetical protein
GCA_000600255.1_02627	263	hypothetical protein
GCA_000621645.1_01427	263	hypothetical protein
GCA_000696385.1_00047	263	hypothetical protein
GCA_000705295.1_00467	263	hypothetical protein
GCA_000707145.1_06478	226	hypothetical protein
GCA_000709105.1_01947	263	hypothetical protein
GCA_000710155.1_00898	263	hypothetical protein
GCA_000710445.1_03279	263	hypothetical protein
GCA_000710455.1_02527	263	hypothetical protein
GCA_000735705.2_02945	263	hypothetical protein
GCA_000736765.1_02448	161	hypothetical protein
GCA_000736775.1_02997	263	hypothetical protein
GCA_000736785.1_01716	263	hypothetical protein
GCA_000736795.1_01648	263	hypothetical protein
GCA_000736845.1_01319	263	hypothetical protein
GCA_000736855.1_01305	263	hypothetical protein
GCA_000736865.1_03352	263	hypothetical protein
GCA_000736875.1_03280	263	hypothetical protein
GCA_000736925.1_01069	263	hypothetical protein
GCA_000736935.1_02680	263	hypothetical protein
GCA_000736945.1_02554	263	hypothetical protein
GCA_000736955.1_01964	263	hypothetical protein
GCA_000737005.1_01628	263	hypothetical protein
GCA_000737015.1_01176	263	hypothetical protein
GCA_000737025.1_00014	263	hypothetical protein
GCA_000740515.2_02728	266	hypothetical protein
GCA_000740665.1_01630	272	hypothetical protein
GCA_000753725.1_03039	263	hypothetical protein
GCA_000754625.1_02797	68	hypothetical protein
GCA_000754625.1_02798	195	hypothetical protein
GCA_000763075.1_01206	263	hypothetical protein
GCA_000763535.1_03398	272	hypothetical protein
GCA_000765415.1_00410	263	hypothetical protein
GCA_000772065.1_04660	272	hypothetical protein
GCA_000786335.1_02627	263	hypothetical protein
GCA_000786345.1_02787	195	hypothetical protein
GCA_000786345.1_02788	71	hypothetical protein
GCA_000788415.1_01199	287	hypothetical protein
GCA_000788425.1_02336	263	hypothetical protein
GCA_000788435.1_00478	284	hypothetical protein
GCA_000788495.1_00802	263	hypothetical protein
GCA_000788515.1_02191	264	hypothetical protein
GCA_000788535.1_00299	263	hypothetical protein
GCA_000788555.1_03136	263	hypothetical protein
GCA_000788575.1_00682	263	hypothetical protein
GCA_000788595.1_00973	286	hypothetical protein
GCA_000788635.1_01712	263	hypothetical protein
GCA_000788655.1_02697	263	hypothetical protein
GCA_000788675.1_03520	263	hypothetical protein
GCA_000788695.1_01734	263	hypothetical protein
GCA_000788715.2_01500	263	hypothetical protein
GCA_000788735.1_01829	263	hypothetical protein
GCA_000788755.1_02339	263	hypothetical protein
GCA_000788775.1_02191	264	hypothetical protein
GCA_000788795.1_01628	263	hypothetical protein
GCA_000788815.1_01626	263	hypothetical protein
GCA_000788835.1_02200	263	hypothetical protein
GCA_000788855.1_02763	263	hypothetical protein
GCA_000788875.1_00359	263	hypothetical protein
GCA_000788895.1_01488	263	hypothetical protein
GCA_000788915.1_02988	263	hypothetical protein
GCA_000788935.1_02174	263	hypothetical protein
GCA_000788955.1_02088	263	hypothetical protein
GCA_000788975.1_01217	263	hypothetical protein
GCA_000788995.1_00639	263	hypothetical protein
GCA_000789015.1_00017	263	hypothetical protein
GCA_000789035.1_00547	263	hypothetical protein
GCA_000789055.1_03010	263	hypothetical protein
GCA_000789075.1_01389	263	hypothetical protein
GCA_000789095.1_03147	263	hypothetical protein
GCA_000789115.1_03077	263	hypothetical protein
GCA_000789135.1_00860	263	hypothetical protein
GCA_000789155.1_01482	263	hypothetical protein
GCA_000798995.1_01535	263	hypothetical protein
GCA_000812045.1_03582	262	hypothetical protein
GCA_000818335.1_00849	412	hypothetical protein
GCA_000818865.1_00889	263	hypothetical protein
GCA_000829215.1_00773	263	hypothetical protein
GCA_000939665.1_02681	195	hypothetical protein
GCA_000939665.1_02682	68	hypothetical protein
GCA_000946735.1_03341	263	hypothetical protein
GCA_000953755.1_02533	263	hypothetical protein
GCA_000953775.1_02622	263	hypothetical protein
GCA_000953785.1_00155	263	hypothetical protein
GCA_000958565.1_02055	259	hypothetical protein
GCA_000960915.1_02932	263	hypothetical protein
GCA_000961975.1_02081	263	hypothetical protein
GCA_000962815.1_02094	273	hypothetical protein
GCA_000963555.1_01007	263	hypothetical protein
GCA_000965285.1_02658	263	hypothetical protein
GCA_000966375.1_02604	195	hypothetical protein
GCA_000966375.1_02605	71	hypothetical protein
GCA_000966385.1_02943	195	hypothetical protein
GCA_000966385.1_02944	68	hypothetical protein
GCA_000966395.1_03746	266	hypothetical protein
GCA_000967465.2_04558	272	hypothetical protein
GCA_000967485.1_02441	272	hypothetical protein
GCA_000967495.1_03835	271	hypothetical protein
GCA_000967785.2_02357	290	hypothetical protein
GCA_000969235.1_02810	263	hypothetical protein
GCA_000969265.1_01621	263	hypothetical protein
GCA_001013435.1_03191	259	hypothetical protein
GCA_001027485.1_00491	263	hypothetical protein
GCA_001027495.1_01262	263	hypothetical protein
GCA_001027505.1_01103	263	hypothetical protein
GCA_001029975.1_01175	263	hypothetical protein
GCA_001030015.1_00055	263	hypothetical protein
GCA_001030035.1_01148	263	hypothetical protein
GCA_001045415.1_00906	263	hypothetical protein
GCA_001184775.1_00055	263	hypothetical protein
GCA_001186485.1_01582	263	hypothetical protein
GCA_001186495.1_01779	263	hypothetical protein
GCA_001186505.1_00160	263	hypothetical protein
GCA_001186515.1_02148	263	hypothetical protein
GCA_001186565.1_03560	263	hypothetical protein
GCA_001186575.1_00729	263	hypothetical protein
GCA_001186585.1_00016	263	hypothetical protein
GCA_001186595.1_02639	263	hypothetical protein
GCA_001186645.1_02720	263	hypothetical protein
GCA_001186655.1_00570	263	hypothetical protein
GCA_001186665.1_01128	263	hypothetical protein
GCA_001186675.1_00211	263	hypothetical protein
GCA_001186725.1_01615	263	hypothetical protein
GCA_001186735.1_01552	263	hypothetical protein
GCA_001186755.1_00862	263	hypothetical protein
GCA_001186785.1_00203	263	hypothetical protein
GCA_001186805.1_00679	263	hypothetical protein
GCA_001186825.1_00563	263	hypothetical protein
GCA_001186835.1_01149	263	hypothetical protein
GCA_001186855.1_00720	263	hypothetical protein
GCA_001186885.1_02924	263	hypothetical protein
GCA_001186905.1_02605	263	hypothetical protein
GCA_001186915.1_01428	263	hypothetical protein
GCA_001186925.1_00099	263	hypothetical protein
GCA_001186965.1_02780	263	hypothetical protein
GCA_001186985.1_02180	263	hypothetical protein
GCA_001186995.1_01916	263	hypothetical protein
GCA_001187015.1_01440	263	hypothetical protein
GCA_001187025.1_01005	263	hypothetical protein
GCA_001187065.1_02199	263	hypothetical protein
GCA_001187085.1_00082	263	hypothetical protein
GCA_001187095.1_02593	263	hypothetical protein
GCA_001187105.1_01861	263	hypothetical protein
GCA_001187145.1_01609	263	hypothetical protein
GCA_001187165.1_00991	263	hypothetical protein
GCA_001187175.1_03031	263	hypothetical protein
GCA_001187185.1_01189	263	hypothetical protein
GCA_001187225.1_02803	263	hypothetical protein
GCA_001187245.1_02329	263	hypothetical protein
GCA_001187255.1_03645	263	hypothetical protein
GCA_001187265.1_00725	263	hypothetical protein
GCA_001247525.1_01471	263	hypothetical protein
GCA_001247835.1_00730	263	hypothetical protein
GCA_001248195.1_03236	263	hypothetical protein
GCA_001248465.1_02176	263	hypothetical protein
GCA_001248505.1_00054	263	hypothetical protein
GCA_001248645.1_03131	193	hypothetical protein
GCA_001248905.1_01822	263	hypothetical protein
GCA_001249085.1_00487	263	hypothetical protein
GCA_001249315.1_03251	37	hypothetical protein
GCA_001249315.1_03252	186	hypothetical protein
GCA_001249715.1_00625	263	hypothetical protein
GCA_001249795.1_03493	140	hypothetical protein
GCA_001249995.1_01219	263	hypothetical protein
GCA_001250035.1_00454	263	hypothetical protein
GCA_001250235.2_00922	263	hypothetical protein
GCA_001250455.1_00723	263	hypothetical protein
GCA_001250615.1_03069	68	hypothetical protein
GCA_001250795.1_00016	263	hypothetical protein
GCA_001250935.1_00543	263	hypothetical protein
GCA_001251435.1_00055	263	hypothetical protein
GCA_001251495.1_02449	263	hypothetical protein
GCA_001251935.1_00051	263	hypothetical protein
GCA_001251975.1_03187	211	hypothetical protein
GCA_001252055.1_00054	263	hypothetical protein
GCA_001252075.1_00918	263	hypothetical protein
GCA_001252495.1_00016	263	hypothetical protein
GCA_001252675.1_00687	263	hypothetical protein
GCA_001252775.1_02857	263	hypothetical protein
GCA_001252895.1_00709	263	hypothetical protein
GCA_001253035.1_00054	263	hypothetical protein
GCA_001253055.1_02982	263	hypothetical protein
GCA_001253235.1_01346	263	hypothetical protein
GCA_001253295.1_00036	263	hypothetical protein
GCA_001253575.1_01626	263	hypothetical protein
GCA_001253695.1_01531	263	hypothetical protein
GCA_001254055.1_00729	263	hypothetical protein
GCA_001254095.1_01780	263	hypothetical protein
GCA_001254335.1_00054	263	hypothetical protein
GCA_001254355.1_01276	263	hypothetical protein
GCA_001254435.1_00054	263	hypothetical protein
GCA_001254535.1_01111	263	hypothetical protein
GCA_001254635.1_00667	263	hypothetical protein
GCA_001254655.1_00016	263	hypothetical protein
GCA_001254675.1_01283	263	hypothetical protein
GCA_001254815.1_03510	200	hypothetical protein
GCA_001255155.1_00054	263	hypothetical protein
GCA_001255575.1_00054	263	hypothetical protein
GCA_001255835.1_01099	263	hypothetical protein
GCA_001256015.1_03603	263	hypothetical protein
GCA_001256355.1_00619	263	hypothetical protein
GCA_001257035.1_01581	263	hypothetical protein
GCA_001257075.1_00016	263	hypothetical protein
GCA_001257215.1_00483	263	hypothetical protein
GCA_001257255.1_00441	263	hypothetical protein
GCA_001257835.1_00567	263	hypothetical protein
GCA_001257895.1_00054	263	hypothetical protein
GCA_001257975.1_00675	263	hypothetical protein
GCA_001258495.1_03408	263	hypothetical protein
GCA_001258555.1_03090	263	hypothetical protein
GCA_001258995.1_00451	263	hypothetical protein
GCA_001259055.1_00730	263	hypothetical protein
GCA_001259135.1_03228	263	hypothetical protein
GCA_001259235.1_00054	263	hypothetical protein
GCA_001259315.1_02694	263	hypothetical protein
GCA_001259475.1_00054	263	hypothetical protein
GCA_001259495.1_00995	263	hypothetical protein
GCA_001259555.1_01215	263	hypothetical protein
GCA_001259635.1_01464	263	hypothetical protein
GCA_001259715.1_00054	263	hypothetical protein
GCA_001259995.1_02599	263	hypothetical protein
GCA_001260175.1_00612	263	hypothetical protein
GCA_001260295.1_00730	263	hypothetical protein
GCA_001260335.1_00054	263	hypothetical protein
GCA_001260915.1_02079	263	hypothetical protein
GCA_001260995.1_01058	263	hypothetical protein
GCA_001261075.1_00016	263	hypothetical protein
GCA_001261535.1_00054	263	hypothetical protein
GCA_001261555.1_00451	263	hypothetical protein
GCA_001267945.1_02209	293	hypothetical protein
GCA_001281585.1_00108	263	hypothetical protein
GCA_001281595.1_00980	263	hypothetical protein
GCA_001281615.1_03100	263	hypothetical protein
GCA_001281665.1_03717	263	hypothetical protein
GCA_001282605.1_00273	263	hypothetical protein
GCA_001292745.1_03591	263	hypothetical protein
GCA_001292785.1_01233	263	hypothetical protein
GCA_001297935.1_00120	272	hypothetical protein
GCA_001318185.1_01882	263	hypothetical protein
GCA_001402155.1_03711	263	hypothetical protein
GCA_001402175.1_03454	48	hypothetical protein
GCA_001402175.1_03455	82	hypothetical protein
GCA_001402175.1_03456	135	hypothetical protein
GCA_001402185.1_01343	263	hypothetical protein
GCA_001402255.1_02238	263	hypothetical protein
GCA_001402265.1_01738	263	hypothetical protein
GCA_001402275.1_01086	263	hypothetical protein
GCA_001402285.1_01867	263	hypothetical protein
GCA_001402335.1_01304	263	hypothetical protein
GCA_001402345.1_01877	263	hypothetical protein
GCA_001402365.1_00759	263	hypothetical protein
GCA_001402375.1_02148	263	hypothetical protein
GCA_001402415.1_03109	263	hypothetical protein
GCA_001402425.1_02720	263	hypothetical protein
GCA_001402435.1_01441	263	hypothetical protein
GCA_001402445.1_02969	263	hypothetical protein
GCA_001402495.1_01103	263	hypothetical protein
GCA_001402515.1_03104	263	hypothetical protein
GCA_001402535.1_02829	263	hypothetical protein
GCA_001402545.1_00925	263	hypothetical protein
GCA_001402575.1_00190	263	hypothetical protein
GCA_001402585.1_01975	263	hypothetical protein
GCA_001402595.1_02981	263	hypothetical protein
GCA_001402605.1_02473	263	hypothetical protein
GCA_001402655.1_03270	263	hypothetical protein
GCA_001402675.1_00016	263	hypothetical protein
GCA_001402685.1_01985	263	hypothetical protein
GCA_001402745.1_01913	263	hypothetical protein
GCA_001411585.1_03268	263	hypothetical protein
GCA_001471395.2_02158	263	hypothetical protein
GCA_001471455.2_03765	263	hypothetical protein
GCA_001471585.2_02266	262	hypothetical protein
GCA_001515085.1_02435	263	hypothetical protein
GCA_001515095.1_02302	263	hypothetical protein
GCA_001515105.1_02845	263	hypothetical protein
GCA_001515115.1_02567	263	hypothetical protein
GCA_001515165.1_02343	263	hypothetical protein
GCA_001517845.1_02858	263	hypothetical protein
GCA_001517855.1_02567	263	hypothetical protein
GCA_001521835.1_02117	263	hypothetical protein
GCA_001525525.2_03218	263	hypothetical protein
GCA_001543465.1_01519	263	hypothetical protein
GCA_001543505.1_03274	263	hypothetical protein
GCA_001558475.2_02753	263	hypothetical protein
GCA_001597715.2_02872	263	hypothetical protein
GCA_001617665.1_02293	263	hypothetical protein
GCA_001617675.1_02804	263	hypothetical protein
GCA_001637545.1_02265	263	hypothetical protein
GCA_001637555.1_02691	263	hypothetical protein
GCA_001637575.1_02309	263	hypothetical protein
GCA_001639085.1_02461	263	hypothetical protein
GCA_001641685.1_02435	263	hypothetical protein
GCA_001641705.1_02465	263	hypothetical protein
GCA_001641745.1_02237	195	hypothetical protein
GCA_001641745.1_02238	68	hypothetical protein
GCA_001641765.1_00722	263	hypothetical protein
GCA_001661905.2_03803	263	hypothetical protein
GCA_001683415.1_01960	263	hypothetical protein
GCA_001693615.1_03940	272	hypothetical protein
GCA_001718095.1_03008	263	hypothetical protein
GCA_001718105.1_03184	263	hypothetical protein
GCA_001726165.1_01815	259	hypothetical protein
GCA_001726265.1_00913	259	hypothetical protein
GCA_001729125.1_02312	263	hypothetical protein
GCA_001729155.1_00427	263	hypothetical protein
GCA_001729185.1_02423	263	hypothetical protein
GCA_001729195.1_02819	263	hypothetical protein
GCA_001735565.1_00886	263	hypothetical protein
GCA_001743085.1_01830	263	hypothetical protein
GCA_001767355.1_02088	263	hypothetical protein
GCA_001854425.1_01502	263	hypothetical protein
GCA_001857145.1_02312	188	hypothetical protein
GCA_001857145.1_02313	68	hypothetical protein
GCA_001857155.1_02503	263	hypothetical protein
GCA_001857165.1_02575	263	hypothetical protein
GCA_001857175.1_02536	263	hypothetical protein
GCA_001857225.1_03062	263	hypothetical protein
GCA_001857245.1_02333	188	hypothetical protein
GCA_001857245.1_02334	68	hypothetical protein
GCA_001857265.1_01799	263	hypothetical protein
GCA_001857285.1_02235	263	hypothetical protein
GCA_001857305.1_02427	263	hypothetical protein
GCA_001857325.1_02424	263	hypothetical protein
GCA_001857345.1_01986	263	hypothetical protein
GCA_001857355.1_02365	263	hypothetical protein
GCA_001857365.1_01997	263	hypothetical protein
GCA_001857405.1_03027	263	hypothetical protein
GCA_001857425.1_03106	263	hypothetical protein
GCA_001857435.1_02510	263	hypothetical protein
GCA_001857455.1_01455	263	hypothetical protein
GCA_001857485.1_01775	263	hypothetical protein
GCA_001857505.1_02279	263	hypothetical protein
GCA_001857515.1_01008	263	hypothetical protein
GCA_001857545.1_02197	263	hypothetical protein
GCA_001858445.1_03445	263	hypothetical protein
GCA_001858455.1_02315	263	hypothetical protein
GCA_001858465.1_00054	263	hypothetical protein
GCA_001858475.1_00213	263	hypothetical protein
GCA_001858585.1_01239	263	hypothetical protein
GCA_001860225.1_01743	263	hypothetical protein
GCA_001860265.1_01972	263	hypothetical protein
GCA_001860285.1_00330	263	hypothetical protein
GCA_001860295.1_02347	263	hypothetical protein
GCA_001860315.1_03519	263	hypothetical protein
GCA_001860365.1_02061	263	hypothetical protein
GCA_001860385.1_00205	263	hypothetical protein
GCA_001860395.1_03312	263	hypothetical protein
GCA_001860445.1_01339	263	hypothetical protein
GCA_001860465.1_00128	263	hypothetical protein
GCA_001860485.1_03489	200	hypothetical protein
GCA_001887395.1_00928	263	hypothetical protein
GCA_001887415.1_00933	263	hypothetical protein
GCA_001887435.1_00925	263	hypothetical protein
GCA_001887455.1_00923	263	hypothetical protein
GCA_001887475.1_00515	263	hypothetical protein
GCA_001887495.1_00819	263	hypothetical protein
GCA_001887515.1_00895	263	hypothetical protein
GCA_001887615.1_00944	263	hypothetical protein
GCA_001887635.1_01921	263	hypothetical protein
GCA_001887655.1_00955	263	hypothetical protein
GCA_001899465.1_02342	263	hypothetical protein
GCA_002002385.1_01489	259	hypothetical protein
GCA_002018635.1_03163	259	hypothetical protein
GCA_002018695.1_03394	259	hypothetical protein
GCA_002018705.1_03381	259	hypothetical protein
GCA_002018735.1_03444	259	hypothetical protein
GCA_002018775.1_03000	259	hypothetical protein
GCA_002073335.2_01375	263	hypothetical protein
GCA_002073995.1_04203	272	hypothetical protein
GCA_002076155.1_02528	263	hypothetical protein
GCA_002076165.1_02532	263	hypothetical protein
GCA_002076175.1_02534	263	hypothetical protein
GCA_002076185.1_02523	263	hypothetical protein
GCA_002076235.1_01776	263	hypothetical protein
GCA_002076245.1_02521	263	hypothetical protein
GCA_002076255.1_02357	263	hypothetical protein
GCA_002076265.1_02483	263	hypothetical protein
GCA_002076315.1_01607	263	hypothetical protein
GCA_002076415.1_02401	263	hypothetical protein
GCA_002076425.1_02521	263	hypothetical protein
GCA_002076455.1_02520	263	hypothetical protein
GCA_002076465.1_02443	263	hypothetical protein
GCA_002076475.1_03321	263	hypothetical protein
GCA_002076485.1_02632	263	hypothetical protein
GCA_002076535.1_02276	263	hypothetical protein
GCA_002076545.1_01864	263	hypothetical protein
GCA_002076575.1_02621	263	hypothetical protein
GCA_002076585.1_02618	263	hypothetical protein
GCA_002076615.1_02519	263	hypothetical protein
GCA_002076635.1_02519	263	hypothetical protein
GCA_002076645.1_03304	263	hypothetical protein
GCA_002076665.1_02520	263	hypothetical protein
GCA_002076695.1_02632	263	hypothetical protein
GCA_002076705.1_02516	263	hypothetical protein
GCA_002076735.1_02487	263	hypothetical protein
GCA_002076745.1_02426	263	hypothetical protein
GCA_002076775.1_01181	263	hypothetical protein
GCA_002076785.1_02484	263	hypothetical protein
GCA_002078055.1_01305	263	hypothetical protein
GCA_002078595.1_02286	263	hypothetical protein
GCA_002078635.1_02523	263	hypothetical protein
GCA_002078695.1_02486	263	hypothetical protein
GCA_002078705.1_02483	263	hypothetical protein
GCA_002078715.1_03001	263	hypothetical protein
GCA_002078755.1_02482	263	hypothetical protein
GCA_002078795.1_02391	263	hypothetical protein
GCA_002078815.1_02483	263	hypothetical protein
GCA_002078825.1_03643	263	hypothetical protein
GCA_002097735.1_00303	263	hypothetical protein
GCA_002097745.1_00147	263	hypothetical protein
GCA_002097755.1_00483	263	hypothetical protein
GCA_002097765.1_01245	263	hypothetical protein
GCA_002097815.1_00957	263	hypothetical protein
GCA_002097825.1_01039	263	hypothetical protein
GCA_002097835.1_01656	263	hypothetical protein
GCA_002097845.1_01134	263	hypothetical protein
GCA_002097895.1_01082	263	hypothetical protein
GCA_002097905.1_00840	263	hypothetical protein
GCA_002097915.1_00624	263	hypothetical protein
GCA_002097925.1_00984	263	hypothetical protein
GCA_002097975.1_01337	263	hypothetical protein
GCA_002097985.1_02520	263	hypothetical protein
GCA_002097995.1_00597	263	hypothetical protein
GCA_002098005.1_01164	263	hypothetical protein
GCA_002098055.1_00686	263	hypothetical protein
GCA_002098065.1_00894	263	hypothetical protein
GCA_002098075.1_00478	263	hypothetical protein
GCA_002098085.1_00843	263	hypothetical protein
GCA_002098135.1_00978	263	hypothetical protein
GCA_002098145.1_02614	263	hypothetical protein
GCA_002098155.1_01384	263	hypothetical protein
GCA_002098195.1_00974	263	hypothetical protein
GCA_002098215.1_01453	263	hypothetical protein
GCA_002098225.1_01194	263	hypothetical protein
GCA_002098235.1_01574	263	hypothetical protein
GCA_002098255.1_01444	263	hypothetical protein
GCA_002098295.1_00468	263	hypothetical protein
GCA_002098305.1_02253	263	hypothetical protein
GCA_002098335.1_00846	263	hypothetical protein
GCA_002098345.1_01007	263	hypothetical protein
GCA_002098355.1_01499	263	hypothetical protein
GCA_002098365.1_01175	263	hypothetical protein
GCA_002098415.1_01184	263	hypothetical protein
GCA_002098425.1_00919	263	hypothetical protein
GCA_002098435.1_02726	263	hypothetical protein
GCA_002098445.1_02831	263	hypothetical protein
GCA_002098495.1_00691	263	hypothetical protein
GCA_002098515.1_00613	263	hypothetical protein
GCA_002098525.1_00861	263	hypothetical protein
GCA_002098535.1_01521	263	hypothetical protein
GCA_002098555.1_01969	263	hypothetical protein
GCA_002098595.1_01567	263	hypothetical protein
GCA_002098605.1_02516	263	hypothetical protein
GCA_002098625.1_01074	263	hypothetical protein
GCA_002098655.1_00915	263	hypothetical protein
GCA_002098675.1_01447	263	hypothetical protein
GCA_002098695.1_02726	263	hypothetical protein
GCA_002098705.1_01430	263	hypothetical protein
GCA_002098715.1_00787	263	hypothetical protein
GCA_002098755.1_00949	263	hypothetical protein
GCA_002098765.1_02272	263	hypothetical protein
GCA_002098795.1_02270	263	hypothetical protein
GCA_002098805.1_01380	263	hypothetical protein
GCA_002098835.1_00976	263	hypothetical protein
GCA_002098845.1_01673	263	hypothetical protein
GCA_002098875.1_01324	263	hypothetical protein
GCA_002098885.1_00991	263	hypothetical protein
GCA_002098915.1_01289	263	hypothetical protein
GCA_002098935.1_00971	263	hypothetical protein
GCA_002098955.1_02381	263	hypothetical protein
GCA_002098965.1_02269	263	hypothetical protein
GCA_002098995.1_02588	263	hypothetical protein
GCA_002099015.1_01358	263	hypothetical protein
GCA_002099035.1_00912	263	hypothetical protein
GCA_002099055.1_00750	263	hypothetical protein
GCA_002099065.1_02314	263	hypothetical protein
GCA_002099095.1_01419	263	hypothetical protein
GCA_002099115.1_01326	263	hypothetical protein
GCA_002099125.1_01459	263	hypothetical protein
GCA_002102575.1_03004	263	hypothetical protein
GCA_002114205.1_02696	263	hypothetical protein
GCA_002163755.1_04537	409	hypothetical protein
GCA_002194155.1_00847	263	hypothetical protein
GCA_002194165.1_00967	263	hypothetical protein
GCA_002194185.1_00081	263	hypothetical protein
GCA_002194215.1_00396	263	hypothetical protein
GCA_002194235.1_00217	263	hypothetical protein
GCA_002194245.1_00351	263	hypothetical protein
GCA_002194265.1_01443	263	hypothetical protein
GCA_002194295.1_01755	263	hypothetical protein
GCA_002194305.1_03661	263	hypothetical protein
GCA_002194335.1_00327	263	hypothetical protein
GCA_002196055.1_02596	263	hypothetical protein
GCA_002196065.1_02721	263	hypothetical protein
GCA_002196095.1_01781	263	hypothetical protein
GCA_002196105.1_02069	263	hypothetical protein
GCA_002196135.1_02356	263	hypothetical protein
GCA_002196155.1_02840	263	hypothetical protein
GCA_002196165.1_02704	263	hypothetical protein
GCA_002196175.1_03024	263	hypothetical protein
GCA_002196185.1_02866	199	hypothetical protein
GCA_002196225.1_02394	263	hypothetical protein
GCA_002196255.1_02448	263	hypothetical protein
GCA_002196275.1_02223	263	hypothetical protein
GCA_002196305.1_01207	263	hypothetical protein
GCA_002196325.1_06568	184	hypothetical protein
GCA_002196335.1_01879	263	hypothetical protein
GCA_002196375.1_02413	264	hypothetical protein
GCA_002196395.1_02058	263	hypothetical protein
GCA_002204095.1_02363	263	hypothetical protein
GCA_002216685.1_01734	263	hypothetical protein
GCA_002217575.1_04060	263	hypothetical protein
GCA_002221285.1_02604	259	hypothetical protein
GCA_002241075.1_02608	263	hypothetical protein
GCA_002241275.1_00001	263	hypothetical protein
GCA_002241285.1_01353	263	hypothetical protein
GCA_002241335.1_01878	259	hypothetical protein
GCA_002241355.1_00544	259	hypothetical protein
GCA_002241365.1_00684	263	hypothetical protein
GCA_002241405.1_01434	259	hypothetical protein
GCA_002257545.1_00776	263	hypothetical protein
GCA_002283805.1_01991	263	hypothetical protein
GCA_002283835.1_00528	263	hypothetical protein
GCA_002283845.1_02765	263	hypothetical protein
GCA_002283855.1_02546	263	hypothetical protein
GCA_002283895.1_02838	263	hypothetical protein
GCA_002283905.1_00017	263	hypothetical protein
GCA_002283915.1_03623	263	hypothetical protein
GCA_002283955.1_03167	263	hypothetical protein
GCA_002283965.1_01557	263	hypothetical protein
GCA_002283995.1_01919	263	hypothetical protein
GCA_002284005.1_01858	263	hypothetical protein
GCA_002284025.1_03318	263	hypothetical protein
GCA_002284045.1_00673	263	hypothetical protein
GCA_002284075.1_03152	263	hypothetical protein
GCA_002284095.1_01968	263	hypothetical protein
GCA_002284115.1_02630	263	hypothetical protein
GCA_002284125.1_01492	263	hypothetical protein
GCA_002284155.1_02584	263	hypothetical protein
GCA_002284175.1_02142	263	hypothetical protein
GCA_002284185.1_02717	263	hypothetical protein
GCA_002284205.1_00483	263	hypothetical protein
GCA_002284235.1_03389	263	hypothetical protein
GCA_002284245.1_01832	263	hypothetical protein
GCA_002284255.1_00303	263	hypothetical protein
GCA_002284265.1_01174	263	hypothetical protein
GCA_002284315.1_00416	263	hypothetical protein
GCA_002284325.1_02546	263	hypothetical protein
GCA_002284355.1_02654	263	hypothetical protein
GCA_002284365.1_02898	263	hypothetical protein
GCA_002284395.1_02926	263	hypothetical protein
GCA_002284415.1_01471	263	hypothetical protein
GCA_002284425.1_01986	263	hypothetical protein
GCA_002284455.1_00129	263	hypothetical protein
GCA_002284475.1_01742	263	hypothetical protein
GCA_002284495.1_03033	263	hypothetical protein
GCA_002286405.1_01132	272	hypothetical protein
GCA_002286655.1_04653	272	hypothetical protein
GCA_002287625.1_02607	272	hypothetical protein
GCA_002313005.1_02003	263	hypothetical protein
GCA_002313025.1_01905	263	hypothetical protein
GCA_002407455.1_01734	263	hypothetical protein
GCA_002608565.1_00221	268	hypothetical protein
GCA_002742585.1_02938	272	hypothetical protein
GCA_002749635.1_00917	263	hypothetical protein
GCA_002807705.1_00947	263	hypothetical protein
GCA_002807725.1_02090	263	hypothetical protein
GCA_002807735.1_02518	263	hypothetical protein
GCA_002807765.1_02400	263	hypothetical protein
GCA_002807785.1_02485	263	hypothetical protein
GCA_002807805.1_02505	263	hypothetical protein
GCA_002807825.1_02407	263	hypothetical protein
GCA_002807835.1_02287	263	hypothetical protein
GCA_002807865.1_02512	263	hypothetical protein
GCA_002807875.1_02055	263	hypothetical protein
GCA_002807895.1_02497	263	hypothetical protein
GCA_002807925.1_02376	263	hypothetical protein
GCA_002807945.1_01949	263	hypothetical protein
GCA_002807965.1_02389	263	hypothetical protein
GCA_002807975.1_02471	263	hypothetical protein
GCA_002807985.1_02399	263	hypothetical protein
GCA_002808065.1_02388	263	hypothetical protein
GCA_002808075.1_02457	263	hypothetical protein
GCA_002808105.1_02392	263	hypothetical protein
GCA_002808125.1_02421	263	hypothetical protein
GCA_002808145.1_02410	263	hypothetical protein
GCA_002808155.1_02545	263	hypothetical protein
GCA_002808165.1_02214	263	hypothetical protein
GCA_002808205.1_02492	263	hypothetical protein
GCA_002808215.1_02489	263	hypothetical protein
GCA_002808225.1_02383	263	hypothetical protein
GCA_002808265.1_02467	263	hypothetical protein
GCA_002808275.1_02387	263	hypothetical protein
GCA_002808305.1_02533	263	hypothetical protein
GCA_002808325.1_01352	263	hypothetical protein
GCA_002808345.1_02386	263	hypothetical protein
GCA_002808355.1_01808	263	hypothetical protein
GCA_002808365.1_01858	263	hypothetical protein
GCA_002808405.1_02190	263	hypothetical protein
GCA_002808415.1_02473	263	hypothetical protein
GCA_002808435.1_02172	263	hypothetical protein
GCA_002808465.1_01336	263	hypothetical protein
GCA_002808485.1_02373	263	hypothetical protein
GCA_002843255.1_00401	263	hypothetical protein
GCA_002890525.1_00252	263	hypothetical protein
GCA_002892855.1_00676	263	hypothetical protein
GCA_002893865.1_03516	412	hypothetical protein
GCA_002899735.1_00966	263	hypothetical protein
GCA_002906475.1_04797	412	hypothetical protein
GCA_002911455.1_01171	263	hypothetical protein
GCA_002918335.1_01685	263	hypothetical protein
GCA_002918345.1_01786	263	hypothetical protein
GCA_002946655.1_00398	263	hypothetical protein
GCA_002995435.1_03117	263	hypothetical protein
GCA_002997215.1_00676	263	hypothetical protein
GCA_003013485.1_00675	263	hypothetical protein
GCA_003015005.1_00017	263	hypothetical protein
GCA_003056705.1_02308	263	hypothetical protein
GCA_003056955.1_03055	263	hypothetical protein
GCA_003056975.1_02826	263	hypothetical protein
GCA_003056995.1_02864	263	hypothetical protein
GCA_003057015.1_02891	264	hypothetical protein
GCA_003057035.1_02545	263	hypothetical protein
GCA_003057055.1_02468	263	hypothetical protein
GCA_003057075.1_02252	263	hypothetical protein
GCA_003057085.1_02515	263	hypothetical protein
GCA_003057115.1_02611	263	hypothetical protein
GCA_003057775.1_00834	266	hypothetical protein
GCA_003063785.1_01885	263	hypothetical protein
GCA_003063885.1_01905	263	hypothetical protein
GCA_003096115.1_02497	263	hypothetical protein
GCA_003096135.1_02676	263	hypothetical protein
GCA_003097695.1_00676	263	hypothetical protein
GCA_003130465.1_03267	263	hypothetical protein
GCA_003130475.1_00041	263	hypothetical protein
GCA_003130485.1_02773	263	hypothetical protein
GCA_003130495.1_01256	263	hypothetical protein
GCA_003205555.1_02627	263	hypothetical protein
GCA_003205565.1_02607	263	hypothetical protein
GCA_003205635.1_02622	263	hypothetical protein
GCA_003205655.1_02603	263	hypothetical protein
GCA_003205675.1_02621	263	hypothetical protein
GCA_003205685.1_02530	263	hypothetical protein
GCA_003205705.1_02269	263	hypothetical protein
GCA_003205735.1_02614	263	hypothetical protein
GCA_003205755.1_02586	263	hypothetical protein
GCA_003205765.1_02604	263	hypothetical protein
GCA_003260135.1_01659	263	hypothetical protein
GCA_003311755.1_01141	263	hypothetical protein
GCA_003311805.1_00723	263	hypothetical protein
GCA_003311815.1_00313	263	hypothetical protein
GCA_003311825.1_01820	263	hypothetical protein
GCA_003311865.1_03551	263	hypothetical protein
GCA_003311885.1_01030	263	hypothetical protein
GCA_003311895.1_01259	263	hypothetical protein
GCA_003311905.1_00509	263	hypothetical protein
GCA_003311945.1_03111	263	hypothetical protein
GCA_003311965.1_02660	263	hypothetical protein
GCA_003311975.1_02907	263	hypothetical protein
GCA_003312005.1_02053	262	hypothetical protein
GCA_003312015.1_01891	263	hypothetical protein
GCA_003312035.1_01785	263	hypothetical protein
GCA_003312065.1_00099	263	hypothetical protein
GCA_003312085.1_02746	263	hypothetical protein
GCA_003312095.1_00642	263	hypothetical protein
GCA_003312945.1_00294	262	hypothetical protein
GCA_003318175.1_01736	259	hypothetical protein
GCA_003327445.1_00586	263	hypothetical protein
GCA_003337295.1_02095	273	hypothetical protein
GCA_003347715.1_02319	263	hypothetical protein
GCA_003347725.1_00949	263	hypothetical protein
GCA_003347755.1_00999	263	hypothetical protein
GCA_003347775.1_00795	263	hypothetical protein
GCA_003347785.1_03259	263	hypothetical protein
GCA_003347815.1_00688	263	hypothetical protein
GCA_003347835.1_01467	263	hypothetical protein
GCA_003347855.1_01606	263	hypothetical protein
GCA_003347865.1_03068	263	hypothetical protein
GCA_003347905.1_02013	263	hypothetical protein
GCA_003347915.1_01995	263	hypothetical protein
GCA_003347935.1_02546	263	hypothetical protein
GCA_003347945.1_03354	263	hypothetical protein
GCA_003347995.1_01510	263	hypothetical protein
GCA_003348015.1_01568	263	hypothetical protein
GCA_003348035.1_01794	263	hypothetical protein
GCA_003348055.1_00268	263	hypothetical protein
GCA_003348065.1_03400	263	hypothetical protein
GCA_003348095.1_00693	263	hypothetical protein
GCA_003348115.1_02014	263	hypothetical protein
GCA_003348135.1_03007	263	hypothetical protein
GCA_003348145.1_00764	263	hypothetical protein
GCA_003348175.1_01302	263	hypothetical protein
GCA_003348195.1_01914	263	hypothetical protein
GCA_003348215.1_01258	263	hypothetical protein
GCA_003348235.1_01976	263	hypothetical protein
GCA_003348245.1_00969	263	hypothetical protein
GCA_003348265.1_02209	263	hypothetical protein
GCA_003348295.1_03571	263	hypothetical protein
GCA_003348305.1_02554	263	hypothetical protein
GCA_003348335.1_02404	263	hypothetical protein
GCA_003348355.1_01281	263	hypothetical protein
GCA_003348365.1_02099	263	hypothetical protein
GCA_003348395.1_01048	263	hypothetical protein
GCA_003348405.1_00310	263	hypothetical protein
GCA_003348415.1_02350	263	hypothetical protein
GCA_003348415.1_03293	263	hypothetical protein
GCA_003348445.1_01942	263	hypothetical protein
GCA_003348465.1_00609	263	hypothetical protein
GCA_003348485.1_02295	263	hypothetical protein
GCA_003348515.1_02524	263	hypothetical protein
GCA_003348535.1_01414	263	hypothetical protein
GCA_003348545.1_01526	263	hypothetical protein
GCA_003348575.1_02373	263	hypothetical protein
GCA_003348585.1_02392	263	hypothetical protein
GCA_003348595.1_00225	263	hypothetical protein
GCA_003348635.1_02293	263	hypothetical protein
GCA_003348655.1_01789	263	hypothetical protein
GCA_003348665.1_01006	263	hypothetical protein
GCA_003348675.1_01256	263	hypothetical protein
GCA_003348715.1_00440	263	hypothetical protein
GCA_003348735.1_00015	263	hypothetical protein
GCA_003348745.1_01803	263	hypothetical protein
GCA_003348755.1_00112	263	hypothetical protein
GCA_003348795.1_01562	263	hypothetical protein
GCA_003348815.1_02074	263	hypothetical protein
GCA_003348825.1_01328	263	hypothetical protein
GCA_003348835.1_00987	263	hypothetical protein
GCA_003348875.1_03152	263	hypothetical protein
GCA_003348885.1_01867	263	hypothetical protein
GCA_003348905.1_02519	263	hypothetical protein
GCA_003348925.1_02768	263	hypothetical protein
GCA_003348955.1_03260	263	hypothetical protein
GCA_003348965.1_02216	263	hypothetical protein
GCA_003348985.1_00624	263	hypothetical protein
GCA_003348995.1_00383	263	hypothetical protein
GCA_003349035.1_01720	263	hypothetical protein
GCA_003349045.1_01419	263	hypothetical protein
GCA_003349055.1_00830	263	hypothetical protein
GCA_003349065.1_01348	263	hypothetical protein
GCA_003349115.1_02052	263	hypothetical protein
GCA_003349125.1_01143	263	hypothetical protein
GCA_003349145.1_03354	263	hypothetical protein
GCA_003349155.1_01831	263	hypothetical protein
GCA_003349195.1_03279	263	hypothetical protein
GCA_003349205.1_00868	221	hypothetical protein
GCA_003349245.1_03330	263	hypothetical protein
GCA_003349265.1_01447	263	hypothetical protein
GCA_003349275.1_00391	263	hypothetical protein
GCA_003349315.1_01695	263	hypothetical protein
GCA_003349325.1_02238	263	hypothetical protein
GCA_003349335.1_02896	263	hypothetical protein
GCA_003349365.1_00236	263	hypothetical protein
GCA_003349395.1_01648	263	hypothetical protein
GCA_003349405.1_01978	263	hypothetical protein
GCA_003349435.1_03444	263	hypothetical protein
GCA_003349445.1_02928	263	hypothetical protein
GCA_003349475.1_01759	263	hypothetical protein
GCA_003349495.1_02490	263	hypothetical protein
GCA_003349525.1_01858	263	hypothetical protein
GCA_003349545.1_03488	263	hypothetical protein
GCA_003349575.1_01898	263	hypothetical protein
GCA_003349585.1_00996	263	hypothetical protein
GCA_003349615.1_02482	263	hypothetical protein
GCA_003349625.1_00304	263	hypothetical protein
GCA_003349645.1_02169	263	hypothetical protein
GCA_003349665.1_03370	263	hypothetical protein
GCA_003349685.1_02985	263	hypothetical protein
GCA_003349715.1_02074	263	hypothetical protein
GCA_003349725.1_02647	263	hypothetical protein
GCA_003349745.1_02728	263	hypothetical protein
GCA_003349755.1_01726	263	hypothetical protein
GCA_003391375.1_04003	272	hypothetical protein
GCA_003449075.1_03342	263	hypothetical protein
GCA_003449125.1_03464	263	hypothetical protein
GCA_003574155.1_02872	263	hypothetical protein
GCA_003574775.1_00238	263	hypothetical protein
GCA_003585335.1_00930	263	hypothetical protein
GCA_003585365.1_01115	263	hypothetical protein
GCA_003585385.1_02931	263	hypothetical protein
GCA_003585405.1_03378	263	hypothetical protein
GCA_003585465.1_02933	263	hypothetical protein
GCA_003585485.1_00944	263	hypothetical protein
GCA_003585505.1_02281	263	hypothetical protein
GCA_003585535.1_02394	263	hypothetical protein
GCA_003585545.1_00598	263	hypothetical protein
GCA_003591575.1_01912	263	hypothetical protein
GCA_003594505.1_02855	263	hypothetical protein
GCA_003594515.1_02370	263	hypothetical protein
GCA_003594535.1_01088	263	hypothetical protein
GCA_003594565.1_03090	263	hypothetical protein
GCA_003594945.1_01146	263	hypothetical protein
GCA_003595585.1_01033	259	hypothetical protein
GCA_003716365.1_00873	263	hypothetical protein
GCA_003716375.1_02731	263	hypothetical protein
GCA_003716405.1_00142	263	hypothetical protein
GCA_003716425.1_01125	263	hypothetical protein
GCA_003716435.1_00873	263	hypothetical protein
GCA_003716465.1_02184	263	hypothetical protein
GCA_003716505.1_00091	263	hypothetical protein
GCA_003716515.1_00741	263	hypothetical protein
GCA_003719755.1_01900	263	hypothetical protein
GCA_004117115.1_00849	263	hypothetical protein
GCA_004120565.1_00187	263	hypothetical protein
GCA_004120685.1_03615	266	hypothetical protein
GCA_004121685.1_00327	263	hypothetical protein
GCA_004121695.1_01833	263	hypothetical protein
GCA_004121735.1_00135	263	hypothetical protein
GCA_004121775.1_00263	263	hypothetical protein
GCA_004121795.1_03587	263	hypothetical protein
GCA_004121805.1_03542	263	hypothetical protein
GCA_004121815.1_01159	263	hypothetical protein
GCA_004121835.1_00225	263	hypothetical protein
GCA_004121875.1_00179	263	hypothetical protein
GCA_004121895.1_03568	263	hypothetical protein
GCA_004121905.1_00284	263	hypothetical protein
GCA_004121915.1_01950	263	hypothetical protein
GCA_004121945.1_03191	263	hypothetical protein
GCA_004121965.1_00218	263	hypothetical protein
GCA_004121995.1_01360	263	hypothetical protein
GCA_004122005.1_00766	263	hypothetical protein
GCA_004122015.1_00196	263	hypothetical protein
GCA_004122025.1_01582	263	hypothetical protein
GCA_004123205.1_00293	263	hypothetical protein
GCA_004123215.1_00224	263	hypothetical protein
GCA_004123225.1_00071	263	hypothetical protein
GCA_004309765.1_01076	263	hypothetical protein
GCA_004309965.1_00490	263	hypothetical protein
GCA_004310025.1_02834	263	hypothetical protein
GCA_004310265.1_02267	263	hypothetical protein
GCA_004324415.1_02868	141	hypothetical protein
GCA_004324515.1_04459	259	hypothetical protein
GCA_004328575.1_02653	263	hypothetical protein
GCA_004358215.1_02565	263	hypothetical protein
GCA_004358225.1_02035	263	hypothetical protein
GCA_004358245.1_02045	263	hypothetical protein
GCA_004358285.1_02815	263	hypothetical protein
GCA_004358295.1_00843	263	hypothetical protein
GCA_004801035.1_02606	263	hypothetical protein
GCA_004801055.1_02879	263	hypothetical protein
GCA_004801065.1_02411	263	hypothetical protein
GCA_005146325.1_00877	259	hypothetical protein
GCA_005636015.1_03122	263	hypothetical protein
GCA_005636045.1_03553	263	hypothetical protein
GCA_005636065.1_02575	263	hypothetical protein
GCA_005636075.1_02889	263	hypothetical protein
GCA_005636115.1_03528	263	hypothetical protein
GCA_005636125.1_01666	263	hypothetical protein
GCA_005636155.1_00712	263	hypothetical protein
GCA_005636165.1_03539	263	hypothetical protein
GCA_005636175.1_03147	263	hypothetical protein
GCA_006124855.1_04706	259	hypothetical protein
GCA_006124955.1_04663	259	hypothetical protein
GCA_006368625.1_02741	259	hypothetical protein
GCA_006369655.1_04391	168	hypothetical protein
GCA_006371395.1_03212	259	hypothetical protein
GCA_006372535.1_02149	259	hypothetical protein
GCA_006372855.1_03462	259	hypothetical protein
GCA_006373495.1_03393	259	hypothetical protein
GCA_006373775.1_03287	259	hypothetical protein
GCA_006373815.1_02682	259	hypothetical protein
GCA_006373955.1_03342	259	hypothetical protein
GCA_006374055.1_02751	259	hypothetical protein
GCA_006374925.1_00142	259	hypothetical protein
GCA_006377545.1_03454	259	hypothetical protein
GCA_006378865.1_02972	259	hypothetical protein
GCA_006802045.1_03443	263	hypothetical protein
GCA_006802075.1_01856	263	hypothetical protein
GCA_006802145.1_02959	263	hypothetical protein
GCA_006802155.1_00995	263	hypothetical protein
GCA_006802165.1_00376	263	hypothetical protein
GCA_006802195.1_01673	263	hypothetical protein
GCA_006802205.1_01696	262	hypothetical protein
GCA_006802245.1_03178	263	hypothetical protein
GCA_006802255.1_02909	161	hypothetical protein
GCA_006802275.1_01144	262	hypothetical protein
GCA_006802285.1_02893	263	hypothetical protein
GCA_006802295.1_01632	262	hypothetical protein
GCA_006802345.1_01109	263	hypothetical protein
GCA_006802355.1_02426	263	hypothetical protein
GCA_006802365.1_00899	263	hypothetical protein
GCA_006802375.1_00603	161	hypothetical protein
GCA_006802395.1_01027	263	hypothetical protein
GCA_006802445.1_00231	263	hypothetical protein
GCA_006802465.1_02378	263	hypothetical protein
GCA_006802475.1_01255	263	hypothetical protein
GCA_006802485.1_01943	263	hypothetical protein
GCA_006802495.1_03488	263	hypothetical protein
GCA_006802545.1_02853	263	hypothetical protein
GCA_006802555.1_03167	263	hypothetical protein
GCA_006802575.1_03003	262	hypothetical protein
GCA_006802595.1_00775	263	hypothetical protein
GCA_006802605.1_03411	262	hypothetical protein
GCA_006802635.1_03288	263	hypothetical protein
GCA_006802655.1_00175	262	hypothetical protein
GCA_006802685.1_03567	263	hypothetical protein
GCA_006802695.1_02321	262	hypothetical protein
GCA_006802705.1_01143	263	hypothetical protein
GCA_006802715.1_03314	263	hypothetical protein
GCA_006802735.1_02304	263	hypothetical protein
GCA_006802785.1_02410	263	hypothetical protein
GCA_006802795.1_02769	263	hypothetical protein
GCA_006802815.1_03491	262	hypothetical protein
GCA_006802865.1_01335	263	hypothetical protein
GCA_006802905.1_00463	263	hypothetical protein
GCA_006802915.1_00989	263	hypothetical protein
GCA_006802925.1_00032	263	hypothetical protein
GCA_006802935.1_00098	161	hypothetical protein
GCA_006802945.1_00399	263	hypothetical protein
GCA_006803005.1_02908	263	hypothetical protein
GCA_006803015.1_02362	262	hypothetical protein
GCA_006803025.1_02489	263	hypothetical protein
GCA_006803035.1_02945	262	hypothetical protein
GCA_006803045.1_00773	262	hypothetical protein
GCA_006803105.1_01157	263	hypothetical protein
GCA_006803115.1_01965	233	hypothetical protein
GCA_006803125.1_01298	263	hypothetical protein
GCA_006803135.1_01704	263	hypothetical protein
GCA_006803155.1_01282	263	hypothetical protein
GCA_007050355.1_02617	263	hypothetical protein
GCA_007050395.1_02960	263	hypothetical protein
GCA_007623775.1_02994	263	hypothetical protein
GCA_007623785.1_00785	263	hypothetical protein
GCA_007623805.1_03106	263	hypothetical protein
GCA_007623875.1_01566	263	hypothetical protein
GCA_007623885.1_02967	263	hypothetical protein
GCA_007623905.1_03067	263	hypothetical protein
GCA_007623925.1_03041	263	hypothetical protein
GCA_007623935.1_01976	263	hypothetical protein
GCA_007623975.1_01776	263	hypothetical protein
GCA_007623985.1_02461	263	hypothetical protein
GCA_007623995.1_01079	263	hypothetical protein
GCA_007624005.1_03441	263	hypothetical protein
GCA_007624025.1_00375	263	hypothetical protein
GCA_007624075.1_00351	263	hypothetical protein
GCA_007624095.1_02408	263	hypothetical protein
GCA_007624105.1_01918	263	hypothetical protein
GCA_007624125.1_03163	263	hypothetical protein
GCA_007624145.1_02378	263	hypothetical protein
GCA_007624155.1_02660	263	hypothetical protein
GCA_007624195.1_02778	263	hypothetical protein
GCA_007624205.1_02162	263	hypothetical protein
GCA_007624215.1_01053	263	hypothetical protein
GCA_007624255.1_00475	263	hypothetical protein
GCA_007624265.1_01787	263	hypothetical protein
GCA_007624285.1_00985	263	hypothetical protein
GCA_007624295.1_02905	263	hypothetical protein
GCA_007624305.1_01060	263	hypothetical protein
GCA_007624355.1_02388	263	hypothetical protein
GCA_007624365.1_02844	263	hypothetical protein
GCA_007624385.1_01898	263	hypothetical protein
GCA_007624405.1_02489	263	hypothetical protein
GCA_007624415.1_01722	263	hypothetical protein
GCA_007624435.1_02233	264	hypothetical protein
GCA_007624475.1_03163	263	hypothetical protein
GCA_007624485.1_02396	263	hypothetical protein
GCA_007624515.1_00788	263	hypothetical protein
GCA_007624535.1_02323	263	hypothetical protein
GCA_007624555.1_02903	263	hypothetical protein
GCA_007624565.1_02093	263	hypothetical protein
GCA_007624575.1_02947	263	hypothetical protein
GCA_007624615.1_01072	263	hypothetical protein
GCA_007624625.1_02448	263	hypothetical protein
GCA_007624635.1_01441	263	hypothetical protein
GCA_007624655.1_00384	263	hypothetical protein
GCA_007624675.1_03025	263	hypothetical protein
GCA_007624715.1_02906	263	hypothetical protein
GCA_007624735.1_02169	263	hypothetical protein
GCA_007624755.1_00223	263	hypothetical protein
GCA_007624765.1_01722	263	hypothetical protein
GCA_007624775.1_02904	263	hypothetical protein
GCA_007624785.1_00437	263	hypothetical protein
GCA_007624835.1_02895	263	hypothetical protein
GCA_007624845.1_03794	263	hypothetical protein
GCA_007624875.1_00580	263	hypothetical protein
GCA_007624895.1_00546	263	hypothetical protein
GCA_007624905.1_00209	263	hypothetical protein
GCA_007624925.1_00716	263	hypothetical protein
GCA_007624935.1_02473	263	hypothetical protein
GCA_007624975.1_00639	263	hypothetical protein
GCA_007624995.1_02195	263	hypothetical protein
GCA_008039905.1_03723	259	hypothetical protein
GCA_008083245.1_02603	263	hypothetical protein
GCA_008083255.1_00756	263	hypothetical protein
GCA_008083315.1_03339	263	hypothetical protein
GCA_008083325.1_01389	263	hypothetical protein
GCA_008083335.1_01850	263	hypothetical protein
GCA_008083355.1_00920	263	hypothetical protein
GCA_008083365.1_01640	263	hypothetical protein
GCA_008083425.1_01766	263	hypothetical protein
GCA_008083445.1_01200	263	hypothetical protein
GCA_008083455.1_00338	263	hypothetical protein
GCA_008083465.1_00157	263	hypothetical protein
GCA_008083515.1_01799	263	hypothetical protein
GCA_008083535.1_00315	263	hypothetical protein
GCA_008083545.1_01663	86	hypothetical protein
GCA_008083575.1_01525	263	hypothetical protein
GCA_008083645.1_00626	263	hypothetical protein
GCA_008083665.1_00339	263	hypothetical protein
GCA_008083685.1_01812	263	hypothetical protein
GCA_008083715.1_01555	263	hypothetical protein
GCA_008083735.1_01801	263	hypothetical protein
GCA_008083745.1_00470	263	hypothetical protein
GCA_008083755.1_00566	263	hypothetical protein
GCA_008083775.1_03179	263	hypothetical protein
GCA_008083785.1_00335	263	hypothetical protein
GCA_008083855.1_01190	263	hypothetical protein
GCA_008083865.1_02456	263	hypothetical protein
GCA_008083925.1_01911	264	hypothetical protein
GCA_008083955.1_01794	263	hypothetical protein
GCA_008083965.1_03767	263	hypothetical protein
GCA_008083975.1_01935	263	hypothetical protein
GCA_008083995.1_01974	263	hypothetical protein
GCA_008084025.1_02126	263	hypothetical protein
GCA_008084075.1_03016	263	hypothetical protein
GCA_008084295.1_01672	263	hypothetical protein
GCA_008084305.1_02632	263	hypothetical protein
GCA_008084315.1_00934	263	hypothetical protein
GCA_008084325.1_03300	263	hypothetical protein
GCA_008084375.1_01026	263	hypothetical protein
GCA_008084395.1_02459	263	hypothetical protein
GCA_008084405.1_02159	263	hypothetical protein
GCA_008084465.1_02440	263	hypothetical protein
GCA_008084495.1_02182	263	hypothetical protein
GCA_008084525.1_03060	263	hypothetical protein
GCA_008084565.1_01746	263	hypothetical protein
GCA_008084595.1_01702	263	hypothetical protein
GCA_008084605.1_01204	263	hypothetical protein
GCA_008084645.1_00754	264	hypothetical protein
GCA_008084695.1_03318	263	hypothetical protein
GCA_008084705.1_01068	263	hypothetical protein
GCA_008084745.1_02074	263	hypothetical protein
GCA_008084755.1_00542	263	hypothetical protein
GCA_008084795.1_02439	610	hypothetical protein
GCA_008084815.1_00267	263	hypothetical protein
GCA_008084825.1_01980	263	hypothetical protein
GCA_008084835.1_00014	262	hypothetical protein
GCA_008084855.1_02831	263	hypothetical protein
GCA_008085485.1_03579	263	hypothetical protein
GCA_008085495.1_01640	263	hypothetical protein
GCA_008085535.1_01421	263	hypothetical protein
GCA_008085575.1_02900	263	hypothetical protein
GCA_008085635.1_01829	263	hypothetical protein
GCA_008085675.1_00431	263	hypothetical protein
GCA_008087115.1_01417	263	hypothetical protein
GCA_008087125.1_01200	263	hypothetical protein
GCA_008087145.1_01200	263	hypothetical protein
GCA_008087195.1_01417	263	hypothetical protein
GCA_008269325.1_01622	264	hypothetical protein
GCA_008269335.1_01178	264	hypothetical protein
GCA_008269345.1_01339	264	hypothetical protein
GCA_008269355.1_02885	263	hypothetical protein
GCA_008269365.1_02617	264	hypothetical protein
GCA_008269455.1_01944	264	hypothetical protein
GCA_008269465.1_02727	263	hypothetical protein
GCA_008271195.1_03117	263	hypothetical protein
GCA_008271265.1_02378	263	hypothetical protein
GCA_008271325.1_02669	263	hypothetical protein
GCA_008369465.1_02014	263	hypothetical protein
GCA_008369485.1_02041	263	hypothetical protein
GCA_008369505.1_01416	263	hypothetical protein
GCA_008369525.1_02042	263	hypothetical protein
GCA_008369565.1_01300	263	hypothetical protein
GCA_008369585.1_01317	263	hypothetical protein
GCA_008369605.1_01832	263	hypothetical protein
GCA_008369625.1_00091	263	hypothetical protein
GCA_008369865.1_01296	263	hypothetical protein
GCA_008369875.1_00172	263	hypothetical protein
GCA_008370415.1_02218	263	hypothetical protein
GCA_008370425.1_02680	264	hypothetical protein
GCA_008370435.1_02613	264	hypothetical protein
GCA_008370445.1_01847	264	hypothetical protein
GCA_008370515.1_00515	264	hypothetical protein
GCA_008370525.1_02166	264	hypothetical protein
GCA_008370535.1_02970	263	hypothetical protein
GCA_008370545.1_02649	263	hypothetical protein
GCA_008370595.1_00927	263	hypothetical protein
GCA_008370875.1_02580	264	hypothetical protein
GCA_008464965.1_01505	263	hypothetical protein
GCA_008632395.1_02662	263	hypothetical protein
GCA_008757025.1_00679	273	hypothetical protein
GCA_009363455.1_03967	272	hypothetical protein
GCA_009646135.1_00444	263	hypothetical protein
GCA_009653605.1_03081	263	hypothetical protein
GCA_009653685.1_01843	263	hypothetical protein
GCA_009653705.1_00702	263	hypothetical protein
GCA_009653715.1_03600	263	hypothetical protein
GCA_009653755.1_00846	263	hypothetical protein
GCA_009653765.1_02187	263	hypothetical protein
GCA_009665195.1_00213	263	hypothetical protein
GCA_009665255.1_01694	267	hypothetical protein
GCA_009665275.1_00509	263	hypothetical protein
GCA_009665515.2_00466	263	hypothetical protein
GCA_009676865.1_04242	272	hypothetical protein
GCA_009707115.1_01321	263	hypothetical protein
GCA_009708195.1_04084	272	hypothetical protein
GCA_009728205.1_02443	263	hypothetical protein
GCA_009728225.1_02631	263	hypothetical protein
GCA_009728255.1_02878	263	hypothetical protein
GCA_009728285.1_02494	263	hypothetical protein
GCA_009728295.1_02143	263	hypothetical protein
GCA_009728325.1_02193	263	hypothetical protein
GCA_009728345.1_01831	263	hypothetical protein
GCA_009728365.1_00418	263	hypothetical protein
GCA_009728375.1_02049	263	hypothetical protein
GCA_009728405.1_01921	263	hypothetical protein
GCA_009728415.1_02157	263	hypothetical protein
GCA_009728435.1_02772	263	hypothetical protein
GCA_009728505.1_02314	263	hypothetical protein
GCA_009728525.1_01360	263	hypothetical protein
GCA_009729525.1_02114	263	hypothetical protein
GCA_009762895.1_02591	263	hypothetical protein
GCA_009762915.1_00091	263	hypothetical protein
GCA_009762945.1_01966	263	hypothetical protein
GCA_009762965.1_02184	263	hypothetical protein
GCA_009762985.1_01254	68	hypothetical protein
GCA_009762985.1_01255	188	hypothetical protein
GCA_009763025.1_00550	259	hypothetical protein
GCA_009763045.1_00367	68	hypothetical protein
GCA_009763045.1_00368	185	hypothetical protein
GCA_009763065.1_00741	263	hypothetical protein
GCA_009763105.1_02894	148	hypothetical protein
GCA_009763105.1_02895	113	hypothetical protein
GCA_009763665.1_00873	263	hypothetical protein
GCA_009763825.1_00621	263	hypothetical protein
GCA_009763865.1_00762	263	hypothetical protein
GCA_009763905.1_02143	263	hypothetical protein
GCA_009763945.1_00501	263	hypothetical protein
GCA_009763965.1_00169	263	hypothetical protein
GCA_009763985.1_02731	263	hypothetical protein
GCA_009764005.1_00988	263	hypothetical protein
GCA_009764025.1_00916	263	hypothetical protein
GCA_009764135.1_00142	263	hypothetical protein
GCA_009799825.1_01889	263	hypothetical protein
GCA_009858355.1_00644	263	hypothetical protein
GCA_009858365.1_00953	263	hypothetical protein
GCA_009858375.1_00994	263	hypothetical protein
GCA_009858395.1_02219	263	hypothetical protein
GCA_009858405.1_00955	263	hypothetical protein
GCA_009858425.1_00903	263	hypothetical protein
GCA_009858435.1_00894	263	hypothetical protein
GCA_009858455.1_01528	263	hypothetical protein
GCA_009858475.1_01395	263	hypothetical protein
GCA_009858505.1_00935	263	hypothetical protein
GCA_009858515.1_00938	263	hypothetical protein
GCA_009858545.1_00913	263	hypothetical protein
GCA_009858565.1_00990	263	hypothetical protein
GCA_009858595.1_00838	263	hypothetical protein
GCA_009858605.1_00952	263	hypothetical protein
GCA_009858615.1_00966	263	hypothetical protein
GCA_009858635.1_00841	263	hypothetical protein
GCA_009858655.1_00497	263	hypothetical protein
GCA_009858675.1_00903	263	hypothetical protein
GCA_009858715.1_00829	263	hypothetical protein
GCA_009858725.1_00937	263	hypothetical protein
GCA_009858735.1_00778	263	hypothetical protein
GCA_009858755.1_01011	263	hypothetical protein
GCA_009858795.1_00133	263	hypothetical protein
GCA_009858805.1_02553	263	hypothetical protein
GCA_009858815.1_03069	263	hypothetical protein
GCA_009858845.1_01400	263	hypothetical protein
GCA_009858855.1_01475	263	hypothetical protein
GCA_009858925.1_00003	263	hypothetical protein
GCA_009858935.1_02828	263	hypothetical protein
GCA_009858945.1_01348	263	hypothetical protein
GCA_009858955.1_01670	263	hypothetical protein
GCA_009858985.1_02206	263	hypothetical protein
GCA_009858995.1_01650	263	hypothetical protein
GCA_009898195.1_01294	263	hypothetical protein
GCA_009898205.1_03428	263	hypothetical protein
GCA_009899525.1_00587	263	hypothetical protein
GCA_009899555.1_00513	266	hypothetical protein
GCA_009899585.1_00083	263	hypothetical protein
GCA_009905015.1_00653	263	hypothetical protein
GCA_009938115.1_00446	263	hypothetical protein
GCA_010686605.1_02414	263	hypothetical protein
GCA_011074895.1_01921	263	hypothetical protein
GCA_011090235.1_00610	293	hypothetical protein
GCA_011212705.1_03725	272	hypothetical protein
GCA_011306175.1_01952	260	hypothetical protein
GCA_011750775.1_03167	263	hypothetical protein
GCA_011750835.1_02623	263	hypothetical protein
GCA_011750865.1_02996	263	hypothetical protein
GCA_012275105.1_00815	263	hypothetical protein
GCA_012395185.1_00610	293	hypothetical protein
GCA_012911575.1_03254	263	hypothetical protein
GCA_012972715.1_02045	263	hypothetical protein
GCA_013048725.1_02086	263	hypothetical protein
GCA_013048735.1_03364	263	hypothetical protein
GCA_013048765.1_01282	263	hypothetical protein
GCA_013048775.1_01425	263	hypothetical protein
GCA_013048805.1_01008	263	hypothetical protein
GCA_013085075.1_01951	263	hypothetical protein
GCA_013085105.1_01949	263	hypothetical protein
GCA_013085125.1_01883	263	hypothetical protein
GCA_013085145.1_01884	263	hypothetical protein
GCA_013085165.1_01948	263	hypothetical protein
GCA_013110925.1_03694	263	hypothetical protein
GCA_013110955.1_03487	263	hypothetical protein
GCA_013110975.1_02878	263	hypothetical protein
GCA_013110985.1_03040	263	hypothetical protein
GCA_013110995.1_01723	263	hypothetical protein
GCA_013111005.1_02322	263	hypothetical protein
GCA_013111025.1_02236	263	hypothetical protein
GCA_013111075.1_02835	263	hypothetical protein
GCA_013111085.1_00611	263	hypothetical protein
GCA_013111095.1_01640	263	hypothetical protein
GCA_013111105.1_03021	263	hypothetical protein
GCA_013111125.1_03102	263	hypothetical protein
GCA_013111175.1_00019	263	hypothetical protein
GCA_013111195.1_02129	263	hypothetical protein
GCA_013111245.1_02802	263	hypothetical protein
GCA_013111275.1_01542	263	hypothetical protein
GCA_013111295.1_01904	263	hypothetical protein
GCA_013111305.1_02663	263	hypothetical protein
GCA_013111315.1_00500	263	hypothetical protein
GCA_013111355.1_02895	263	hypothetical protein
GCA_013111375.1_00158	263	hypothetical protein
GCA_013111385.1_02816	263	hypothetical protein
GCA_013111395.1_02696	263	hypothetical protein
GCA_013111435.1_02605	263	hypothetical protein
GCA_013111455.1_01421	263	hypothetical protein
GCA_013111465.1_03218	263	hypothetical protein
GCA_013111495.1_01188	263	hypothetical protein
GCA_013111515.1_00977	263	hypothetical protein
GCA_013111535.1_02618	263	hypothetical protein
GCA_013111545.1_00163	263	hypothetical protein
GCA_013111575.1_01676	263	hypothetical protein
GCA_013111585.1_03414	263	hypothetical protein
GCA_013111605.1_02290	263	hypothetical protein
GCA_013111635.1_02911	263	hypothetical protein
GCA_013111655.1_02786	263	hypothetical protein
GCA_013111675.1_02151	263	hypothetical protein
GCA_013111685.1_01105	263	hypothetical protein
GCA_013111695.1_00434	263	hypothetical protein
GCA_013111735.1_02857	263	hypothetical protein
GCA_013111745.1_00877	263	hypothetical protein
GCA_013111775.1_01982	263	hypothetical protein
GCA_013111795.1_00394	263	hypothetical protein
GCA_013111805.1_01199	263	hypothetical protein
GCA_013111825.1_00016	263	hypothetical protein
GCA_013111855.1_00487	263	hypothetical protein
GCA_013111875.1_01846	263	hypothetical protein
GCA_013111885.1_00570	263	hypothetical protein
GCA_013111915.1_00020	263	hypothetical protein
GCA_013111935.1_00979	263	hypothetical protein
GCA_013111945.1_01680	263	hypothetical protein
GCA_013111965.1_02407	263	hypothetical protein
GCA_013111975.1_00873	263	hypothetical protein
GCA_013113805.1_02528	272	hypothetical protein
GCA_013113815.1_00925	272	hypothetical protein
GCA_013113835.1_02793	272	hypothetical protein
GCA_013113905.1_02889	272	hypothetical protein
GCA_013114055.1_02317	272	hypothetical protein
GCA_013114065.1_03277	272	hypothetical protein
GCA_013114135.1_01107	259	hypothetical protein
GCA_013114385.1_04586	272	hypothetical protein
GCA_013114665.1_03113	272	hypothetical protein
GCA_013114685.1_00904	272	hypothetical protein
GCA_013155105.1_03686	165	hypothetical protein
GCA_013214045.1_04241	271	hypothetical protein
GCA_013266555.1_03300	272	hypothetical protein
GCA_013266565.1_01201	272	hypothetical protein
GCA_013266595.1_01635	272	hypothetical protein
GCA_013266605.1_02828	272	hypothetical protein
GCA_013266655.1_02248	272	hypothetical protein
GCA_013266665.1_04474	272	hypothetical protein
GCA_013357605.1_02007	263	hypothetical protein
GCA_013357625.1_01949	263	hypothetical protein
GCA_013357645.1_01895	263	hypothetical protein
GCA_013357665.1_01899	263	hypothetical protein
GCA_013357685.1_01792	263	hypothetical protein
GCA_013357725.1_01874	263	hypothetical protein
GCA_013357745.1_01907	263	hypothetical protein
GCA_013357765.1_01836	263	hypothetical protein
GCA_013357785.1_01932	263	hypothetical protein
GCA_013357805.1_01934	263	hypothetical protein
GCA_013357825.1_01906	263	hypothetical protein
GCA_013357845.1_01904	263	hypothetical protein
GCA_013357865.1_01891	263	hypothetical protein
GCA_013357885.1_01913	263	hypothetical protein
GCA_013364385.1_04454	272	hypothetical protein
GCA_013378485.1_02328	263	hypothetical protein
GCA_013378545.1_01590	263	hypothetical protein
GCA_013414365.1_01442	263	hypothetical protein
GCA_013414375.1_03322	263	hypothetical protein
GCA_013414385.1_01430	263	hypothetical protein
GCA_013414395.1_01133	263	hypothetical protein
GCA_013414405.1_00599	263	hypothetical protein
GCA_013414465.1_01690	263	hypothetical protein
GCA_013414495.1_01561	263	hypothetical protein
GCA_013414505.1_01581	263	hypothetical protein
GCA_013414515.1_03544	263	hypothetical protein
GCA_013414565.1_03485	263	hypothetical protein
GCA_013414585.1_02950	263	hypothetical protein
GCA_013414605.1_01367	263	hypothetical protein
GCA_013414615.1_02281	263	hypothetical protein
GCA_013462495.1_01884	263	hypothetical protein
GCA_014116745.1_00206	263	hypothetical protein
GCA_014217395.1_02214	263	hypothetical protein
GCA_014281135.1_02989	263	hypothetical protein
GCA_014489005.1_02593	263	hypothetical protein
GCA_014489035.1_02611	263	hypothetical protein
GCA_014489045.1_01854	263	hypothetical protein
GCA_014489095.1_03109	266	hypothetical protein
GCA_014489135.1_02708	263	hypothetical protein
GCA_014489145.1_00744	263	hypothetical protein
GCA_014489315.1_01939	263	hypothetical protein
GCA_014525095.1_01789	263	hypothetical protein
GCA_014525175.1_02149	263	hypothetical protein
GCA_014634265.1_01554	263	hypothetical protein
GCA_014634285.1_01744	263	hypothetical protein
GCA_014634305.1_01554	263	hypothetical protein
GCA_014634325.1_01698	263	hypothetical protein
GCA_014634345.1_02639	263	hypothetical protein
GCA_014634365.1_02695	263	hypothetical protein
GCA_014634385.1_01279	263	hypothetical protein
GCA_014634405.1_01447	263	hypothetical protein
GCA_014634425.1_01446	263	hypothetical protein
GCA_014634445.1_01443	263	hypothetical protein
GCA_014634465.1_01131	263	hypothetical protein
GCA_014634485.1_01279	263	hypothetical protein
GCA_014634565.1_01277	263	hypothetical protein
GCA_014634625.1_01590	263	hypothetical protein
GCA_014634645.1_01136	263	hypothetical protein
GCA_014634665.1_01445	263	hypothetical protein
GCA_014634685.1_01592	263	hypothetical protein
GCA_014654495.1_01788	263	hypothetical protein
GCA_014654545.1_00037	263	hypothetical protein
GCA_014654565.1_01471	263	hypothetical protein
GCA_014654575.1_00019	263	hypothetical protein
GCA_014654625.1_03675	263	hypothetical protein
GCA_014654645.1_01640	263	hypothetical protein
GCA_014654695.1_01913	263	hypothetical protein
GCA_015168795.1_01882	263	hypothetical protein
GCA_015343015.1_02539	95	hypothetical protein
GCA_015482825.1_00639	263	hypothetical protein
GCA_015686715.1_02312	263	hypothetical protein
GCA_015686735.1_02552	263	hypothetical protein
GCA_015686745.1_00270	263	hypothetical protein
GCA_015686775.1_01545	263	hypothetical protein
GCA_015686785.1_02266	263	hypothetical protein
GCA_015686815.1_00172	263	hypothetical protein
GCA_015686835.1_02558	263	hypothetical protein
GCA_015830025.1_00403	263	hypothetical protein
GCA_015830035.1_01155	263	hypothetical protein
GCA_016103055.1_02447	263	hypothetical protein
GCA_016103065.1_02145	263	hypothetical protein
GCA_016456575.1_01414	263	hypothetical protein
GCA_016456615.1_01378	263	hypothetical protein
GCA_016456645.1_00171	263	hypothetical protein
GCA_016456655.1_01491	263	hypothetical protein
GCA_016456685.1_00972	263	hypothetical protein
GCA_016456695.1_01812	263	hypothetical protein
GCA_016456725.1_00653	263	hypothetical protein
GCA_016456735.1_00564	263	hypothetical protein
GCA_016456755.1_01823	263	hypothetical protein
GCA_016456785.1_01752	263	hypothetical protein
GCA_016456805.1_01532	263	hypothetical protein
GCA_016456815.1_00488	161	hypothetical protein
GCA_016456845.1_00568	263	hypothetical protein
GCA_016456855.1_01791	263	hypothetical protein
GCA_016456875.1_00731	263	hypothetical protein
GCA_016456905.1_03268	263	hypothetical protein
GCA_016456915.1_03420	263	hypothetical protein
GCA_016456925.1_03275	263	hypothetical protein
GCA_016456945.1_03262	263	hypothetical protein
GCA_016456985.1_01508	263	hypothetical protein
GCA_016456995.1_00266	263	hypothetical protein
GCA_016457045.1_00140	263	hypothetical protein
GCA_016457055.1_02418	263	hypothetical protein
GCA_016457065.1_03487	263	hypothetical protein
GCA_016457095.1_00818	263	hypothetical protein
GCA_016457125.1_02372	263	hypothetical protein
GCA_016457135.1_02803	263	hypothetical protein
GCA_016457155.1_00186	263	hypothetical protein
GCA_016457185.1_01963	263	hypothetical protein
GCA_016457205.1_01255	263	hypothetical protein
GCA_016825335.1_02071	273	hypothetical protein
GCA_016834555.1_00463	259	hypothetical protein
GCA_017051655.1_00776	271	hypothetical protein
GCA_017051735.1_00766	271	hypothetical protein
GCA_017051755.1_00294	271	hypothetical protein
GCA_017051775.1_00778	271	hypothetical protein
GCA_017051795.1_00831	271	hypothetical protein
GCA_017169515.1_00787	263	hypothetical protein
GCA_017169525.1_02629	263	hypothetical protein
GCA_017169545.1_01570	263	hypothetical protein
GCA_017426745.1_03488	238	hypothetical protein
GCA_017426765.1_02705	238	hypothetical protein
GCA_017426785.1_02223	263	hypothetical protein
GCA_017426815.1_03056	238	hypothetical protein
GCA_017426825.1_02733	238	hypothetical protein
GCA_017426845.1_03757	238	hypothetical protein
GCA_017426885.1_02343	238	hypothetical protein
GCA_017426905.1_01509	263	hypothetical protein
GCA_017426915.1_03520	263	hypothetical protein
GCA_017426945.1_00421	263	hypothetical protein
GCA_017426965.1_02466	263	hypothetical protein
GCA_017426985.1_02670	263	hypothetical protein
GCA_017427005.1_01889	263	hypothetical protein
GCA_017814615.1_03129	263	hypothetical protein
GCA_017948285.1_00678	263	hypothetical protein
GCA_017948345.1_01874	263	hypothetical protein
GCA_018035165.1_01679	263	hypothetical protein
GCA_018310255.1_02843	263	hypothetical protein
GCA_018336415.1_01890	263	hypothetical protein
GCA_018398015.1_00861	263	hypothetical protein
GCA_018398025.1_02005	263	hypothetical protein
GCA_018398035.1_00820	263	hypothetical protein
GCA_018398045.1_00794	263	hypothetical protein
GCA_018398085.1_00823	263	hypothetical protein
GCA_018398115.1_01244	263	hypothetical protein
GCA_018398135.1_01518	263	hypothetical protein
GCA_018398155.1_01111	263	hypothetical protein
GCA_018398175.1_01130	263	hypothetical protein
GCA_018398195.1_02256	263	hypothetical protein
GCA_018398205.1_00904	263	hypothetical protein
GCA_018398235.1_00771	263	hypothetical protein
GCA_018398255.1_00793	263	hypothetical protein
GCA_018916525.1_00678	263	hypothetical protein
GCA_018916535.1_00947	263	hypothetical protein
GCA_018916555.1_03069	263	hypothetical protein
GCA_018916575.1_02983	263	hypothetical protein
GCA_018916585.1_00822	263	hypothetical protein
GCA_018920385.1_01831	263	hypothetical protein
GCA_018920395.1_02148	263	hypothetical protein
GCA_018920425.1_03228	263	hypothetical protein
GCA_018929285.1_02397	263	hypothetical protein
GCA_018929315.1_02328	263	hypothetical protein
GCA_018929375.1_02456	263	hypothetical protein
GCA_018929395.1_02436	263	hypothetical protein
GCA_018929415.1_01657	263	hypothetical protein
GCA_018929475.1_02129	263	hypothetical protein
GCA_018929575.1_02330	263	hypothetical protein
GCA_018929615.1_00938	263	hypothetical protein
GCA_018929625.1_02409	263	hypothetical protein
GCA_018929655.1_01165	263	hypothetical protein
GCA_018929675.1_02907	263	hypothetical protein
GCA_018929775.1_01506	263	hypothetical protein
GCA_018929815.1_01148	263	hypothetical protein
GCA_019048845.1_03204	263	hypothetical protein
GCA_019092625.1_00310	262	hypothetical protein
GCA_019092665.1_00173	262	hypothetical protein
GCA_019092705.1_01520	262	hypothetical protein
GCA_019092725.1_00173	262	hypothetical protein
GCA_019092735.1_00173	262	hypothetical protein
GCA_019092765.1_01495	262	hypothetical protein
GCA_019092805.1_01387	262	hypothetical protein
GCA_019092825.1_01745	262	hypothetical protein
GCA_019092835.1_01699	262	hypothetical protein
GCA_019092945.1_00178	262	hypothetical protein
GCA_019092965.1_01603	262	hypothetical protein
GCA_019092975.1_01477	262	hypothetical protein
GCA_019093005.1_02983	263	hypothetical protein
GCA_019093025.1_01732	262	hypothetical protein
GCA_019093035.1_01421	262	hypothetical protein
GCA_019093085.1_01448	262	hypothetical protein
GCA_019093095.1_01756	262	hypothetical protein
GCA_019093125.1_01494	262	hypothetical protein
GCA_019093145.1_00405	262	hypothetical protein
GCA_019093165.1_02628	262	hypothetical protein
GCA_019093175.1_01524	262	hypothetical protein
GCA_019093205.1_00405	262	hypothetical protein
GCA_019273615.1_02252	263	hypothetical protein
GCA_019273635.1_02234	263	hypothetical protein
GCA_019273655.1_02239	263	hypothetical protein
GCA_019273675.1_02235	263	hypothetical protein
GCA_019339365.1_04099	271	hypothetical protein
GCA_019350595.1_00282	263	hypothetical protein
GCA_019350605.1_00555	263	hypothetical protein
GCA_019350615.1_01735	266	hypothetical protein
GCA_019350655.1_03563	263	hypothetical protein
GCA_019350675.1_01936	263	hypothetical protein
GCA_019350695.1_02319	263	hypothetical protein
GCA_019350715.1_02146	263	hypothetical protein
GCA_019350735.1_02012	263	hypothetical protein
GCA_019350755.1_01895	263	hypothetical protein
GCA_019350775.1_00180	263	hypothetical protein
GCA_019350795.1_00427	263	hypothetical protein
GCA_019350805.1_01543	263	hypothetical protein
GCA_019350825.1_03581	263	hypothetical protein
GCA_019350855.1_00183	263	hypothetical protein
GCA_019350875.1_00330	263	hypothetical protein
GCA_019350895.1_00270	263	hypothetical protein
GCA_019400755.1_00290	263	hypothetical protein
GCA_019400765.1_03526	263	hypothetical protein
GCA_019400805.1_00683	263	hypothetical protein
GCA_019400815.1_00243	263	hypothetical protein
GCA_019448075.1_01326	263	hypothetical protein
GCA_019448125.1_00102	263	hypothetical protein
GCA_019458445.1_01957	263	hypothetical protein
GCA_019458465.1_02014	263	hypothetical protein
GCA_019504425.1_01791	263	hypothetical protein
GCA_019670025.1_03366	270	hypothetical protein
GCA_019670485.1_03300	270	hypothetical protein
GCA_019704175.1_02226	263	hypothetical protein
GCA_019704195.1_02239	263	hypothetical protein
GCA_019704215.1_00378	263	hypothetical protein
GCA_019704235.1_01945	263	hypothetical protein
GCA_019704255.1_02604	290	hypothetical protein
GCA_019780445.1_03532	263	hypothetical protein
GCA_019780645.1_03148	263	hypothetical protein
GCA_019793275.1_00177	263	hypothetical protein
GCA_019846155.1_00018	263	hypothetical protein
GCA_019846205.1_03229	259	hypothetical protein
GCA_019846815.1_00169	263	hypothetical protein
GCA_020103235.1_01523	262	hypothetical protein
GCA_020686745.1_02256	272	hypothetical protein
GCA_021014515.1_02996	263	hypothetical protein
GCA_021014545.1_03229	263	hypothetical protein
GCA_021014565.1_03270	263	hypothetical protein
GCA_021014585.1_03060	263	hypothetical protein
GCA_021014605.1_02377	263	hypothetical protein
GCA_021014625.1_02568	263	hypothetical protein
GCA_021014645.1_00562	263	hypothetical protein
GCA_021014655.1_01968	263	hypothetical protein
GCA_021014685.1_02772	263	hypothetical protein
GCA_021014705.1_00190	263	hypothetical protein
GCA_021014725.1_02925	263	hypothetical protein
GCA_021014745.1_00190	263	hypothetical protein
GCA_021014765.1_00181	263	hypothetical protein
GCA_021014785.1_00049	263	hypothetical protein
GCA_021014805.1_00190	263	hypothetical protein
GCA_021014825.1_00361	263	hypothetical protein
GCA_021014845.1_02489	263	hypothetical protein
GCA_021014865.1_00085	263	hypothetical protein
GCA_021014875.1_01195	263	hypothetical protein
GCA_021166875.1_01249	263	hypothetical protein
GCA_021166895.1_01120	263	hypothetical protein
GCA_021166915.1_01039	263	hypothetical protein
GCA_021166935.1_02362	263	hypothetical protein
GCA_021166955.1_01491	263	hypothetical protein
GCA_021166975.1_02430	263	hypothetical protein
GCA_021166995.1_01939	263	hypothetical protein
GCA_021167035.1_00976	262	hypothetical protein
GCA_021228575.1_00472	263	hypothetical protein
GCA_021322875.1_01820	273	hypothetical protein
GCA_021431865.1_01841	263	hypothetical protein
GCA_021431945.1_02928	263	hypothetical protein
GCA_021440305.1_00558	273	hypothetical protein
GCA_022398025.1_00243	272	hypothetical protein
GCA_022398095.1_00485	272	hypothetical protein
GCA_022398215.1_00988	272	hypothetical protein
GCA_022603415.1_00766	271	hypothetical protein
GCA_022670655.1_01278	263	hypothetical protein
GCA_022758165.1_02182	263	hypothetical protein
GCA_022802155.1_05030	259	hypothetical protein
GCA_023163185.1_01546	263	hypothetical protein
GCA_023169825.1_01957	263	hypothetical protein
GCA_023488285.1_02470	263	hypothetical protein
GCA_023716545.1_04242	272	hypothetical protein
GCA_023716645.1_04316	272	hypothetical protein
GCA_023716705.1_04237	272	hypothetical protein
GCA_023721055.1_05292	272	hypothetical protein
GCA_023955485.1_01101	263	hypothetical protein
GCA_024105835.1_00393	263	hypothetical protein
GCA_024105855.1_00816	263	hypothetical protein
GCA_024105875.1_00065	263	hypothetical protein
GCA_024105925.1_02707	263	hypothetical protein
GCA_024105975.1_03502	263	hypothetical protein
GCA_024106015.1_02071	263	hypothetical protein
GCA_024106035.1_01111	263	hypothetical protein
GCA_024106075.1_00322	263	hypothetical protein
GCA_024106085.1_00239	263	hypothetical protein
GCA_024106095.1_01403	263	hypothetical protein
GCA_024181795.1_03749	273	hypothetical protein
GCA_024181905.1_04120	273	hypothetical protein
GCA_024347395.1_02034	259	hypothetical protein
GCA_024359565.1_01759	263	hypothetical protein
GCA_024442215.1_04110	409	hypothetical protein
GCA_024449095.1_04242	272	hypothetical protein
GCA_024495625.1_02686	263	hypothetical protein
GCA_024495705.1_02913	263	hypothetical protein
GCA_024531155.1_02413	273	hypothetical protein
GCA_024723875.1_00271	263	hypothetical protein
GCA_024734685.1_01881	263	hypothetical protein
GCA_024743495.1_01545	263	hypothetical protein
GCA_024743515.1_04375	273	hypothetical protein
GCA_024743535.1_00917	263	hypothetical protein
GCA_024743545.1_03168	262	hypothetical protein
GCA_024744955.1_01913	263	hypothetical protein
GCA_024745065.1_02540	263	hypothetical protein
GCA_024745095.1_02036	263	hypothetical protein
GCA_024745165.1_04906	259	hypothetical protein
GCA_024745295.1_03254	263	hypothetical protein
GCA_024745435.1_04426	273	hypothetical protein
GCA_024745515.1_01662	263	hypothetical protein
GCA_024745555.1_01677	263	hypothetical protein
GCA_024745565.1_01537	263	hypothetical protein
GCA_024745585.1_00807	263	hypothetical protein
GCA_024745935.1_01674	263	hypothetical protein
GCA_024746035.1_01371	273	hypothetical protein
GCA_024746045.1_03757	273	hypothetical protein
GCA_024746215.1_03502	263	hypothetical protein
GCA_024746645.1_01482	273	hypothetical protein
GCA_024746925.1_02795	263	hypothetical protein
GCA_024747935.1_01541	273	hypothetical protein
GCA_024748065.1_02098	273	hypothetical protein
GCA_024748415.1_03214	263	hypothetical protein
GCA_900185995.1_01839	263	hypothetical protein
GCA_900205735.1_00922	263	hypothetical protein
GCA_900324425.1_01875	263	hypothetical protein
GCA_900324435.1_01877	263	hypothetical protein
GCA_900324445.1_01875	263	hypothetical protein
GCA_900324455.1_01876	263	hypothetical protein
GCA_900460385.1_01517	263	hypothetical protein
GCA_900538065.1_01818	263	hypothetical protein
GCA_900604885.1_01839	263	hypothetical protein
GCA_900604895.1_00168	263	hypothetical protein
GCA_900604905.1_00113	263	hypothetical protein
GCA_900604915.1_01130	263	hypothetical protein
GCA_902385755.1_00610	263	hypothetical protein
GCA_902386355.1_01176	263	hypothetical protein
GCA_902809915.1_01430	263	hypothetical protein
GCA_902809995.1_01731	263	hypothetical protein
GCA_902810005.1_00332	262	hypothetical protein
GCA_902810025.1_00495	263	hypothetical protein
GCA_905175395.2_03462	270	hypothetical protein
GCA_905331545.1_02011	259	hypothetical protein
GCA_905331675.1_03620	259	hypothetical protein
GCA_944738745.1_04577	266	hypothetical protein
GCA_944738855.1_00253	293	hypothetical protein
GCA_944739605.1_00283	293	hypothetical protein
