GCA_000006745.1_00928	---------------------------------------------------------
GCA_000006745.1_01844	YLGLEWKTKTVPYLGVEWRTKTVSYWFFGWHTKQVAYLAPVWKEKTIPYAVPVTLSK
GCA_000016245.1_00444	---------------------------------------------------------
GCA_000021605.1_00886	---------------------------------------------------------
GCA_000152445.1_01115	---------------------------------------------------------
GCA_000152445.1_03514	YPGLEWKTKTVPYLGLEWRTKTVSYWFFGWHTKQVAYLAPVWKEKTIPYAVPVTLSK
GCA_000152465.2_00878	YLGLEWKTKTVPYLGLEWRTKTVSYWFFGWHTKQVAYLAPVWKEKTIPYAVPVTLSK
GCA_000152465.2_01590	---------------------------------------------------------
GCA_000153785.3_00635	YLGLEWKTKTVPYLGVEWRTKTVSYWFFGWHTKQVAYLAPVWKEKTIPYAVPVTLSK
GCA_000153785.3_02529	---------------------------------------------------------
GCA_000153945.1_02894	---------------------------------------------------------
GCA_000153985.3_01192	YLGLEWKTKTVPYLGLEWRTKTVSYWFFGWHTKQVAYLAPVWKEKTIPYAVPVTLSK
GCA_000153985.3_02028	---------------------------------------------------------
GCA_000154005.2_00291	YLGLEWKTKTVPYLGVEWRTKTVSYWFFGWHTKQVAYLAPVWKEKTIPYAVPVTLSK
GCA_000154005.2_01223	---------------------------------------------------------
GCA_000167935.2_01666	YLGLEWKTKTVPYLGLEWRTKTVSYWFFGWHTKQVAYLAPVWKEKTIPYAVPVTLSK
GCA_000167935.2_02305	---------------------------------------------------------
GCA_000168895.2_01199	YPGLEWKTKTVPYLGVEWRTKTVSYWFFGWHTKQVAYLAPVWKEKTIPYAVPVTLSK
GCA_000168895.2_01860	---------------------------------------------------------
GCA_000168935.3_00023	---------------------------------------------------------
GCA_000168935.3_00991	YLGLEWKTKTVPYLGLEWRTKTVSYWFFGWHTKQVAYLAPVWKEKTIPYAVPVTLSK
GCA_000174115.1_00905	YLGLEWKTKTVPYLGVEWRTKTVSYWFFGWHTKQVAYLAPVWKEKTIPYAVPVTLSK
GCA_000174115.1_01792	---------------------------------------------------------
GCA_000174235.1_01478	YPGLEWKTKTVPYLGLEWRTKTVSYWFFGWHTKQVAYLAPVWKEKTIPYAVPVTLSK
GCA_000174235.1_03233	---------------------------------------------------------
GCA_000174255.1_00122	---------------------------------------------------------
GCA_000174255.1_03235	YLGLEWKTKTVPYLGVEWRTKTVSYWFFGWHTKQVAYLAPVWKEKTIPYAVPVTLSK
GCA_000174295.1_00980	YLGLEWKTKTVPYLGVEWRTKTVSYWFFGWHTKQVAYLAPVWKEKTIPYAVPVTLSK
GCA_000174295.1_02850	---------------------------------------------------------
GCA_000175975.1_02289	---------------------------------------------------------
GCA_000175995.1_01870	---------------------------------------------------------
GCA_000176215.1_01129	---------------------------------------------------------
GCA_000176215.1_02817	YLGLEWKTKTIPYLGLEWRTKTVSYWFFGWHTKQVAYLAPVWKEKTIPYLAPVTLSK
GCA_000176375.1_03029	---------------------------------------------------------
GCA_000176415.1_00173	---------------------------------------------------------
GCA_000176455.1_01742	---------------------------------------------------------
GCA_000176715.1_00530	YLGFEWRTKVISYLGLEWRTKTVYCWFFGWHAIRVSYLAPVWKQKTVPYLAPVTLSK
GCA_000176715.1_02879	---------------------------------------------------------
GCA_000195065.1_00887	---------------------------------------------------------
GCA_000195065.1_01808	YLGLEWKTKTVPYLGLEWRTKTVSYWFFGWHTKQVAYLAPVWKEKTIPYAVPVTLSK
GCA_000220765.2_00551	---------------------------------------------------------
GCA_000220765.2_01431	YLGLEWKTKTVPYLGVEWRTKTVSYWFFGWHTKQVAYLAPVWKEKTIPYAVPVTLSK
GCA_000220785.2_00641	YLGLEWKTKTVPYLGVEWRTKTVSYWFFGWHTKQVAYLAPVWKEKTIPYAVPVTLSK
GCA_000220785.2_01760	---------------------------------------------------------
GCA_000221405.1_01406	---------------------------------------------------------
GCA_000221445.1_01043	---------------------------------------------------------
GCA_000221445.1_02041	YLGLEWKTKTVPYLGVEWRTKTVSYWFFGWHTKQVAYLAPVWKEKTIPYAVPVTLSK
GCA_000221465.1_01659	---------------------------------------------------------
GCA_000279265.1_01859	---------------------------------------------------------
GCA_000279285.1_01086	---------------------------------------------------------
GCA_000279345.1_01906	---------------------------------------------------------
GCA_000279435.1_00976	---------------------------------------------------------
GCA_000287135.2_01818	---------------------------------------------------------
GCA_000299495.2_00915	YLGLEWKTKTVPYLGVEWRTKTVSYWFFGWHTKQVAYLAPVWKEKTIPYAVPVTLSK
GCA_000299495.2_02031	---------------------------------------------------------
GCA_000302965.1_01340	---------------------------------------------------------
GCA_000302965.1_02653	YLGLEWKTKTVPYLGVEWRTKTVSYWFFGWHTKQVAYLAPVWKEKTIPYAVPVTLSK
GCA_000303085.1_01663	YPGLEWKTKTVPYLGLEWHTKTVSYWFFGWHTKQVAYLAPVWKEKTIPYAVPVTLSK
GCA_000303085.1_01890	---------------------------------------------------------
GCA_000304915.2_01111	---------------------------------------------------------
GCA_000304915.2_02336	YLGLEWKTKTVPYLGVEWRTKTVSYWFFGWHTKQVAYLAPVWKEKTIPYAVPVTLSK
GCA_000305625.2_01866	---------------------------------------------------------
GCA_000318075.1_01297	YLGLEWKTKTVPYLGLEWRTKTVSYWFFGWHTKQVAYLAPVWKEKTIPYAVPVTLSK
GCA_000318075.1_01322	---------------------------------------------------------
GCA_000338215.2_01550	YLGLEWKTKTVPYLGVEWRTKTVSYWFFGWHTKQVAYLAPVWKEKTIPYAVPVTLSK
GCA_000338875.1_03705	---------------------------------------------------------
GCA_000348085.2_02571	YPGLEWKTKTVPYLGLEWHTKTVSYWFFGWHTKQVAYLAPVWKEKTIPYAVPVTLSK
GCA_000348345.2_00574	---------------------------------------------------------
GCA_000348345.2_01494	YLGLEWKTKTVPYLGVEWRTKTVSYWFFGWHTKQVAYLAPVWKEKTIPYAVPVTLSK
GCA_000348425.2_00798	---------------------------------------------------------
GCA_000348425.2_02223	YLGLEWKTKTVPYLGVEWRTKTVSYWFFGWHTKQVAYLAPVWKEKTIPYAVPVTLSK
GCA_000387585.1_00574	YPGLEWKTKTVPYLGVEWRTKTVSYWFFGWHTKQVAYLAPVWKEKTIPYAVPVTLSK
GCA_000387585.1_02299	---------------------------------------------------------
GCA_000473785.1_00871	---------------------------------------------------------
GCA_000518145.1_02808	---------------------------------------------------------
GCA_000696385.1_01425	YLGLEWKTKTIPYLGLEWRTKTVSYWFFGWHTKQVAYLAPVWKEKTIPYLAPVTLSK
GCA_000710155.1_00900	---------------------------------------------------------
GCA_000736765.1_00388	YLGLEWKTKTVPYLGVEWRTKTVSYWFFGWHTKQVAYLAPVWKEKTIPYAVPVTLSK
GCA_000736765.1_02450	---------------------------------------------------------
GCA_000736775.1_02995	---------------------------------------------------------
GCA_000736785.1_01718	---------------------------------------------------------
GCA_000736785.1_02090	YLGLEWKTKTVPYLGVEWRTKTVSYWFFGWHTKQVAYLAPVWKEKTIPYAVPVTLSK
GCA_000736795.1_00396	YLGLEWKTKTVPYLGVEWRTKTVSYWFFGWHTKQVAYLAPVWKEKTIPYAVPVTLSK
GCA_000736795.1_01650	---------------------------------------------------------
GCA_000736855.1_01303	---------------------------------------------------------
GCA_000736875.1_03282	---------------------------------------------------------
GCA_000736935.1_01489	YLGLEWKTKTVPYLGVEWRTKTVSYWFFGWHTKQVAYLAPVWKEKTIPYAVPVTLSK
GCA_000736935.1_02682	---------------------------------------------------------
GCA_000736945.1_00717	YLGLEWKTKTVPYLGVEWRTKTVSYWFFGWHTKQVAYLAPVWKEKTIPYAVPVTLSK
GCA_000737025.1_00016	---------------------------------------------------------
GCA_000737025.1_00672	YLGLEWKTKTVPYLGVEWRTKTVSYWFFGWHTKQVAYLAPVWKEKTIPYAVPVTLSK
GCA_000753725.1_01252	YLGLEWKTKTVPYLGVEWRTKTVSYWFFGWHTKQVAYLAPVWKEKTIPYAVPVTLSK
GCA_000763075.1_00485	YLGLEWKTKTVPYLGVEWRTKTVSYWFFGWHTKQVAYLAPVWKEKTIPYAVPVTLSK
GCA_000788495.1_00804	---------------------------------------------------------
GCA_000788495.1_03178	YLGLEWKTKTVPYLGLEWRTKTVSYWFFGWHTKQVAYLAPVWKEKTIPYAVPVTLSK
GCA_000788515.1_00604	YLGLEWKTKTVPYLGLEWRTKTVSYWFFGWHTKQVAYLAPVWKEKTIPYAVPVTLSK
GCA_000788515.1_02193	---------------------------------------------------------
GCA_000788675.1_03522	---------------------------------------------------------
GCA_000788715.2_02335	YLGLEWKTKTVPYLGVEWRTKTVSYWFFGWHTKQVAYLAPVWKEKTIPYAVPVTLSK
GCA_000788755.1_02341	---------------------------------------------------------
GCA_000798995.1_01537	---------------------------------------------------------
GCA_000812045.1_01688	YLGLEWKTKTVPYLGLEWRTKTVSYWFFGWHTKQVAYLAPVWKEKTIPYAVPVTLSK
GCA_000812045.1_03584	---------------------------------------------------------
GCA_000953785.1_01388	YLGLEWKTKTVPYLGVEWRTKTVSYWFFGWHTKQVAYLAPVWKEKTIPYAVPVTLSK
GCA_000969235.1_00980	YLGLEWKTKTVPYLGVEWRTKTVSYWFFGWHTKQVAYLAPVWKEKTIPYAVPVTLSK
GCA_000969235.1_02808	---------------------------------------------------------
GCA_000969265.1_01623	---------------------------------------------------------
GCA_000969265.1_02533	YPGLEWKTKTVPYLGLEWRTKTVSYWFFGWHTKQVAYLAPVWKEKTIPYAVPVTLSK
GCA_001027485.1_00489	---------------------------------------------------------
GCA_001030035.1_01146	---------------------------------------------------------
GCA_001250935.1_00545	---------------------------------------------------------
GCA_001254055.1_00731	---------------------------------------------------------
GCA_001254095.1_00574	YLGLEWKTKTVPYLGVEWRTKTVSYWFFGWHTKQVAYLAPVWKEKTIPYAVPATLSK
GCA_001254095.1_01778	---------------------------------------------------------
GCA_001254335.1_00056	---------------------------------------------------------
GCA_001257035.1_03447	---------------------------------------------------------
GCA_001257255.1_00439	---------------------------------------------------------
GCA_001292745.1_03411	YLGLEWKTKTVPYLGVEWRTKTVSYWFFGWHTKQVAYLAPVWKEKTIPYAVPVTLSK
GCA_001292785.1_03636	YLGLEWKTKTVPYLGVEWRTKTVSYWFFGWHTKQVAYLAPVWKEKTIPYAVPVTLSK
GCA_001402155.1_00119	YLGLEWKTKTIPYLGLEWRTKTVSYWFFGWHTKQVAYLAPVWKEKTIPYLAPVTLSK
GCA_001402155.1_03713	---------------------------------------------------------
GCA_001402165.1_01685	YLGLEWKTKTIPYLGFEWRTKTVSYWFFGWHTKQVAYLAPVWKEKTIPYLAPVTLSK
GCA_001402165.1_02461	---------------------------------------------------------
GCA_001402175.1_01232	YLGLEWKTKTIPYLGLEWRTKTVSYWFFGWHTKQVAYLAPVWKEKTIPYLAPVTLSK
GCA_001402175.1_03451	---------------------------------------------------------
GCA_001402185.1_01341	---------------------------------------------------------
GCA_001402185.1_01962	YLGLEWKTKTVPYLGLEWRTKTVSYWFFGWHTKQVAYLAPVWKEKTIPYAVPVTLSK
GCA_001402255.1_01741	---------------------------------------------------------
GCA_001402255.1_02646	YLGLEWKTKTVPYLGLEWRTKTVSYWFFGWHTKQVAYLAPVWKEKTIPYAVPVTLSK
GCA_001402265.1_02393	YLGLEWKTKTVPYLGLEWRTKTVSYWFFGWHTKQVAYLAPVWKEKTIPYAVPVTLSK
GCA_001402285.1_01865	---------------------------------------------------------
GCA_001402285.1_03313	YLGLEWKTKTVPYLGVEWRTKTVSYWFFGWHTKQVAYLAPVWKEKTIPYAVPVTLSK
GCA_001402345.1_01875	---------------------------------------------------------
GCA_001402345.1_02731	YLGLEWKTKTIPYLGLEWRTKTVSYWFFGWHTKQVAYLAPVWKEKTIPYLAPVTLSK
GCA_001402425.1_02718	---------------------------------------------------------
GCA_001402495.1_00300	YLGLEWKTKTIPYLGLEWRTKTVSYWFFGWHTKQVAYLAPVWKEKTIPYLAPVTLSK
GCA_001402495.1_01101	---------------------------------------------------------
GCA_001402515.1_00657	YLGLEWKTKTIPYLGLEWRTKTVSYWFFGWHTKQVAYLAPVWKEKTIPYLAPVTLSK
GCA_001402515.1_03102	---------------------------------------------------------
GCA_001402675.1_00018	---------------------------------------------------------
GCA_001402675.1_01303	YLGLEWKTKTIPYLGLEWRTKTVSYWFFGWHTKQVAYLAPVWKEKTIPYLAPVTLSK
GCA_001402685.1_01983	---------------------------------------------------------
GCA_001402745.1_03665	YPGLEWKTKTVPYLGLEWRTKTVSYWFFGWHTKQVAYLAPVWKEKTIPYAVPVTLSK
GCA_001515115.1_01479	YLGLEWKTKTVPYLGVEWRTKTVSYWFFGWHTKQVAYLAPVWKEKTIPYAVPVTLSK
GCA_001515165.1_02346	---------------------------------------------------------
GCA_001515165.1_02535	YLGLEWKTKTVPYLGVEWRTKTVSYWFFGWHTKQVAYLAPVWKEKTIPYAVPVTLSK
GCA_001543505.1_02196	YLGLEWKTKTVPYLGVEWRTKTVSYWFFGWHTKQVAYLAPVWKEKTIPYAVPVTLSK
GCA_001617665.1_00281	YPGLEWKTKTVPYLGVEWRTKTVSYWFFGWHTKQVAYLAPVWKEKTIPYAVPVTLSK
GCA_001637555.1_00329	YLGLEWKTKTVPYLGVEWRTKTVSYWFFGWHTKQVAYLAPVWKEKTIPYAVPVTLSK
GCA_001718095.1_00351	YLGLEWKTKTVPYLGLEWRTKTVSYWFFGWHTKQVAYLAPVWKEKTIPYAVPVTLSK
GCA_001718095.1_03010	---------------------------------------------------------
GCA_001718105.1_00520	YLGLEWKTKTVPYLGLEWRTKTVSYWFFGWHTKQVAYLAPVWKEKTIPYAVPVTLSK
GCA_001718105.1_03186	---------------------------------------------------------
GCA_001729195.1_02821	---------------------------------------------------------
GCA_001735565.1_00888	---------------------------------------------------------
GCA_001743085.1_01092	YLGLEWKTKTVPYLGVEWRTKTVSYWFFGWHTKQVAYLAPVWKEKTIPYAVPMTLSK
GCA_001743085.1_01832	---------------------------------------------------------
GCA_001767355.1_02086	---------------------------------------------------------
GCA_001857155.1_02348	YPGLEWKTKTVPYLGLEWRTKTVSYWFFGWHTKQVAYLAPVWKEKTIPYAVPVTLSK
GCA_001857155.1_02505	---------------------------------------------------------
GCA_001857455.1_01227	YPGLEWKTKTVPYLGLEWRTKTVSYWFFGWHTKQVAYLAPVWKEKTIPYAVPVTLSK
GCA_001857455.1_01453	---------------------------------------------------------
GCA_001857485.1_01777	---------------------------------------------------------
GCA_001857485.1_02160	YLGLEWKTKTVPYLGLEWRTKTVSYWFFGWHTKQVAYLAPVWKEKTIPYAVPVTLSK
GCA_001857515.1_01010	---------------------------------------------------------
GCA_001857515.1_01478	YLGLEWKTKTVPYLGVEWRTKTVSYWFFGWHTKQVAYLAPVWKEKTIPYAVPVTLSK
GCA_001989695.1_01945	---------------------------------------------------------
GCA_002097735.1_00305	---------------------------------------------------------
GCA_002097735.1_01303	YLGLEWKTKTVPYLGVEWRTKTVSYWFFGWHTKQVAYLAPVWKEKTIPYAVPVTLSK
GCA_002097755.1_02084	YPGLEWKTKTVPYLGLEWHTKTVSYWFFGWHTKQVAYLAPVWKEKTIPYAVPVTLSK
GCA_002114205.1_02694	---------------------------------------------------------
GCA_002196055.1_02419	YLGLEWKTKTVPYLGVEWRTKTVSYWFFGWHTKQVAYLAPVWKEKTIPYAVPVTLSK
GCA_002196165.1_01803	YLGLEWKTKTVPYLGVEWRTKTVSYWFFGWHTKQVAYLAPVWKEKTIPYAVPVTLSK
GCA_002196165.1_02702	---------------------------------------------------------
GCA_002196305.1_01205	---------------------------------------------------------
GCA_002196375.1_01582	YLGLEWKTKTVPYLGVEWRTKTVSYWFFGWHTKQVAYLAPVWKEKTIPYAVPVTLSK
GCA_002196375.1_02411	---------------------------------------------------------
GCA_002196395.1_02963	YLGLEWKTKTVPYLGVEWRTKTVSYWFFGWHTKQVAYLAPVWKEKTIPYAVPVTLSK
GCA_002212025.1_00954	---------------------------------------------------------
GCA_002216685.1_00817	YLGLEWKTKTVPYLGLEWQTKTVSYWFFGWHTKQVAYLAPVWKEKTIPYAVPVTLSK
GCA_002241075.1_02606	---------------------------------------------------------
GCA_002241195.1_00530	---------------------------------------------------------
GCA_002241275.1_00626	---------------------------------------------------------
GCA_002241335.1_01876	---------------------------------------------------------
GCA_002251495.1_01052	YLGLEWKTKTVPYLGVEWRTKTVSYWFFGWHTKQVAYLAPVWKEKTIPYAVPVTLSK
GCA_002257545.1_00778	---------------------------------------------------------
GCA_002283805.1_00770	YLGLEWKTKTIPYLGLEWRTKTVSYWFFGWHTKQVAYLAPVWKEKTIPYLAPVTLSK
GCA_002283805.1_01989	---------------------------------------------------------
GCA_002283835.1_00530	---------------------------------------------------------
GCA_002283835.1_03149	YLGLEWKTKTIPYLGLEWRTKTVSYWFFGWHTKQVAYLAPVWKEKTIPYLAPVTLSK
GCA_002283845.1_02763	---------------------------------------------------------
GCA_002283845.1_02959	YLGLEWKTKTIPYLGLEWRTKTVSYWFFGWHTKQVAYLAPVWKEKTIPYLAPVTLSK
GCA_002283905.1_00019	---------------------------------------------------------
GCA_002283905.1_03282	YLGLEWKTKTIPYLGLEWRTKTVSYWFFGWHTKQVAYLAPVWKEKTIPYLAPVTLSK
GCA_002283955.1_01663	YLGLEWKTKTIPYLGLEWRTKTVSYWFFGWHTKQVAYLAPVWKEKTIPYLAPVTLSK
GCA_002284025.1_01184	YLGLEWKTKTIPYLGLEWRTKTVSYWFFGWHTKQVAYLAPVWKEKTIPYLAPVTLSK
GCA_002284025.1_03316	---------------------------------------------------------
GCA_002284125.1_01494	---------------------------------------------------------
GCA_002284155.1_01646	YLGLEWKTKTVPYLGLEWRTKTVSYWFFGWHTKQVAYLAPVWKEKTIPYAVPVTLSK
GCA_002284155.1_02586	---------------------------------------------------------
GCA_002284185.1_00828	YLGLEWKTKTVPYLGVEWRTKTVSYWFFGWHTKQVAYLAPVWKEKTIPYAVPVTLSK
GCA_002284185.1_02719	---------------------------------------------------------
GCA_002284205.1_00481	---------------------------------------------------------
GCA_002284235.1_02089	YLGLEWKTKTVPYLGVEWRTKTVSYWFFGWHTKQVAYLAPVWKEKTIPYAVPVTLSK
GCA_002284235.1_03387	---------------------------------------------------------
GCA_002284255.1_00301	---------------------------------------------------------
GCA_002284255.1_01121	YLGLEWKTKTVPYLGLEWRTKTVSYWFFGWHTKQVAYLAPVWKEKTIPYAVPVTLSK
GCA_002284325.1_01193	YLGLEWKTKTVPYLGVEWRTKTVSYWFFGWHTKQVAYLAPVWKEKTIPYAVPVTLSK
GCA_002284325.1_02544	---------------------------------------------------------
GCA_002284395.1_01286	YLGLEWKTKTVPYLGLEWRTKTVSYWFFGWHTKQVAYLAPVWKEKTIPYAVPVTLSK
GCA_002284395.1_02924	---------------------------------------------------------
GCA_002284425.1_01988	---------------------------------------------------------
GCA_002284425.1_02544	YLGLEWKTKTVPYLGLEWRTKTVSYWFFGWHTKQVAYLAPVWKEKTIPYAVPVTLSK
GCA_002284455.1_01207	---------------------------------------------------------
GCA_002284475.1_01744	---------------------------------------------------------
GCA_002284475.1_03110	YLGLEWKTKTVPYLGLEWRTKTVSYWFFGWHTKQVAYLAPVWKEKTIPYAVPVTLSK
GCA_002284495.1_01761	YLGLEWKTKTVPYLGLEWRTKTVSYWFFGWHTKQVAYLAPVWKEKTIPYAVPVTLSK
GCA_002313025.1_00994	YLGLEWKTKTVPYLGVEWRTKTVSYWFFGWHTKQVAYLAPVWKEKTIPYAVPVTLSK
GCA_002843255.1_03257	---------------------------------------------------------
GCA_002890525.1_00254	---------------------------------------------------------
GCA_002890525.1_01186	YLGLEWKTKTVPYLGVEWRTKTISYWFFGWHTKQVAYLAPVWKEKTIPYAVPVTLSK
GCA_002995435.1_03119	---------------------------------------------------------
GCA_003056995.1_02866	---------------------------------------------------------
GCA_003057015.1_01167	YLGLEWKTKTVPYLGLEWRTKTVSYWFFGWHTKQVAYLAPVWKEKTIPYAVPVTLSK
GCA_003057035.1_02433	YLGLEWKTKTVPYLGLEWRTKTVSYWFFGWHTKQVAYLAPVWKEKTIPYAVPVTLSK
GCA_003057035.1_02547	---------------------------------------------------------
GCA_003057775.1_00836	---------------------------------------------------------
GCA_003057775.1_01093	YPGLEWKTKTVPYLGLEWHTKTVSYWFFGWHTKQVAYLAPVWKEKTIPYAVPVTLSK
GCA_003063885.1_01903	---------------------------------------------------------
GCA_003096135.1_01506	YLGLEWKTKTVPYLGVEWRTKTVSYWFFGWHTKQVAYLAPVWKEKTIPYAVPVTLSK
GCA_003096135.1_02678	---------------------------------------------------------
GCA_003260135.1_01090	YLGLEWKTKTVPYLGLEWRTKTVSYWFFGWHTKQVAYLAPVWKEKTIPYAVPVTLSK
GCA_003311755.1_02468	YLGLEWKTKTVPYLGLEWQTKTVSYWFFGWHTKQVAYLAPVWKEKTIPYAVPVTLSK
GCA_003311805.1_00512	YLGLEWKTKTVPYLGLEWQTKTVSYWFFGWHTKQVAYLAPVWKEKTIPYAVPVTLSK
GCA_003311815.1_01093	YLGLEWKTKTVPYLGLEWQTKTVSYWFFGWHTKQVAYLAPVWKEKTIPYAVPVTLSK
GCA_003311825.1_03306	YLGLEWKTKTVPYLGLEWQTKTVSYWFFGWHTKQVAYLAPVWKEKTIPYAVPVTLSK
GCA_003311865.1_01611	YLGLEWKTKTVPYLGLEWQTKTVSYWFFGWHTKQVAYLAPVWKEKTIPYAVPVTLSK
GCA_003311885.1_03196	YLGLEWKTKTVPYLGLEWQTKTVSYWFFGWHTKQVAYLAPVWKEKTIPYAVPVTLSK
GCA_003311895.1_03194	YLGLEWKTKTVPYLGLEWQTKTVSYWFFGWHTKQVAYLAPVWKEKTIPYAVPVTLSK
GCA_003311905.1_02808	YPGLEWKTKTVPYLGLEWHTKTVSYWFFGWHTKQVAYLAPAWKEKTIPYAVPVTLSK
GCA_003311945.1_00925	YPGLEWKTKTVPYLGLEWRTKTVSYWFFGWHTKQVAYLAPVWKEKTIPYAVPVTLSK
GCA_003311965.1_02662	---------------------------------------------------------
GCA_003312005.1_00822	YPGLEWKTKTVPYLGLEWRTKTVSYWFFGWHTKQVAYLAPVWKEKTIPYAVPVTLSK
GCA_003312005.1_02055	---------------------------------------------------------
GCA_003312015.1_01893	---------------------------------------------------------
GCA_003312065.1_00097	---------------------------------------------------------
GCA_003312065.1_01629	YPGLEWKTKTVPYLGLEWRTKTVSYWFFGWHTKQVAYLAPVWKEKTIPYAVPVTLSK
GCA_003312085.1_01819	YPGLEWKTKTVPYLGLEWRTKTVSYWFFGWHTKQVAYLAPVWKEKTIPYAVPVTLSK
GCA_003312085.1_03307	---------------------------------------------------------
GCA_003312095.1_01403	YPGLEWKTKTVPYLGLEWRTKTVSYWFFGWHTKQVAYLAPVWKEKTIPYAVPVTLSK
GCA_003312095.1_02032	---------------------------------------------------------
GCA_003312945.1_00292	---------------------------------------------------------
GCA_003347715.1_00465	YLGLEWKTKTVPYLGVEWRTKTVSYWFFGWHTKQVAYLAPVWKEKTIPYAVPVTLSK
GCA_003347725.1_00951	---------------------------------------------------------
GCA_003347725.1_02945	YLGLEWKTKTVPYLGLEWRTKTVSYWFFGWHTKQVAYLAPVWKEKTIPYAVPVTLSK
GCA_003347755.1_00997	---------------------------------------------------------
GCA_003347775.1_00797	---------------------------------------------------------
GCA_003347815.1_00690	---------------------------------------------------------
GCA_003347815.1_02027	YLGLEWKTKTVPYLGVEWRTKTVSYWFFGWHTKQVAYLAPVWKEKTIPYAVPVTLSK
GCA_003347855.1_01608	---------------------------------------------------------
GCA_003347905.1_02630	YLGLEWKTKTVPYLGLEWRTKTVSYWFFGWHTKQVAYLAPVWKEKTIPYAVPVTLSK
GCA_003347915.1_01322	YLGLEWKTKTVPYLGLEWRTKTVSYWFFGWHTKQVAYLAPVWKEKTIPYAVPVTLSK
GCA_003347935.1_00259	YLGLEWKTKTVPYLGLEWRTKTVSYWFFGWHTKQVAYLAPVWKEKTIPYAVPVTLSK
GCA_003348015.1_00206	YLGLEWKTKTVPYLGVEWRTKTVSYWFFGWHTKQVAYLAPVWKEKTIPYAVPVTLSK
GCA_003348015.1_01570	---------------------------------------------------------
GCA_003348055.1_00266	---------------------------------------------------------
GCA_003348065.1_01208	YLGLEWKTKTVPYLGVEWRTKTVSYWFFGWHTKQVAYLAPVWKEKTIPYAVPVTLSK
GCA_003348065.1_03402	---------------------------------------------------------
GCA_003348095.1_00691	---------------------------------------------------------
GCA_003348095.1_01214	YLGLEWKTKTVPYLGLEWRTKTVSYWFFGWHTKQVAYLAPVWKEKTIPYAVPVTLSK
GCA_003348195.1_00283	YLGLEWKTKTVPYLGLEWRTKTVSYWFFGWHTKQVAYLAPVWKEKTIPYAVPVTLSK
GCA_003348195.1_01912	---------------------------------------------------------
GCA_003348235.1_01669	YLGLEWKTKTVPYLGLEWRTKTVSYWFFGWHTKQVAYLAPVWKEKTIPYAVPVTLSK
GCA_003348235.1_01974	---------------------------------------------------------
GCA_003348305.1_02556	---------------------------------------------------------
GCA_003348415.1_01939	YLGLEWKTKTVPYLGLEWRTKTVSYWFFGWHTKQVAYLAPVWKEKTIPYAVPVTLSK
GCA_003348415.1_02348	---------------------------------------------------------
GCA_003348545.1_00546	YLGLEWKTKTVPYLGLEWRTKTVSYWFFGWHTKQVAYLAPVWKEKTIPYAVPVTLSK
GCA_003348545.1_01528	---------------------------------------------------------
GCA_003348655.1_01492	YLGLEWKTKTVPYLGLEWRTKTVSYWFFGWHTKQVAYLAPVWKEKTIPYAVPVTLSK
GCA_003348655.1_01791	---------------------------------------------------------
GCA_003348735.1_00017	---------------------------------------------------------
GCA_003348735.1_03112	YLGLEWKTKTVPYLGLEWRTKTVSYWFFGWHTKQVAYLAPVWKEKTIPYAVPVTLSK
GCA_003348755.1_03145	YLGLEWKTKTVPYLGLEWRTKTVSYWFFGWHTKQVAYLAPVWKEKTIPYAVPVTLSK
GCA_003348815.1_02076	---------------------------------------------------------
GCA_003348885.1_00313	YLGLEWKTKTVPYLGLEWRTKTVSYWFFGWHTKQVAYLAPVWKEKTIPYAVPVTLSK
GCA_003348985.1_00112	YPGLEWKTKTVPYLGLEWRTKTVSYWFFGWHTKQVAYLAPVWKEKTIPYAVPVTLSK
GCA_003348985.1_00622	---------------------------------------------------------
GCA_003349055.1_03336	YLGLEWKTKTVPYLGLEWRTKTVSYWFFGWHTKQVAYLAPVWKEKTIPYAVPVILSK
GCA_003349495.1_00901	YLGLEWKTKTVPYLGLEWRTKTVSYWFFGWHTKQVAYLAPVWKEKTIPYAVPVTLSK
GCA_003349525.1_01856	---------------------------------------------------------
GCA_003349575.1_01900	---------------------------------------------------------
GCA_003349575.1_02367	YLGLEWKTKTVPYLGVEWRTKTVSYWFFGWHTKQVAYLAPVWKEKTIPYAVPVTLSK
GCA_003449075.1_00716	YLGLEWKTKTVPYLGLEWRTKTVSYWFFGWHTKQVAYLAPVWKEKTIPYAVPVTLSK
GCA_003449135.1_02885	YLGLEWKTKTVPYLGLEWRTKTVSYWFFGWHTKQVAYLAPVWKEKTIPYAVPVTLSK
GCA_003585365.1_00386	YLGLEWKTKTVPYLGVEWRTKTVSYWFFGWHTKQVAYLAPVWKEKTIPYAVPVTLSK
GCA_003585365.1_01113	---------------------------------------------------------
GCA_003585385.1_02178	YPGLEWKTKTVPYLGLEWHTKTVSYWFFGWHTKQVAYLAPVWKEKTIPYAVPVTLSK
GCA_003585465.1_00644	YLGLEWKTKTVPYLGVEWRTKTVSYWFFGWHTKQVAYLAPVWKEKTIPYAVPVTLSK
GCA_003585465.1_02931	---------------------------------------------------------
GCA_003585485.1_00946	---------------------------------------------------------
GCA_003585505.1_01452	YLGLEWKTKTVPYLGVEWRTKTVSYWFFGWHTKQVAYLAPVWKEKTIPYAVPVTLSK
GCA_003585505.1_02987	---------------------------------------------------------
GCA_003585535.1_03330	---------------------------------------------------------
GCA_003585545.1_00600	---------------------------------------------------------
GCA_003585545.1_02091	YLGLEWKTKTVPYLGVEWRTKTVSYWFFGWHTKQVAYLAPVWKEKTIPYAVPVTLSK
GCA_003591575.1_01010	YLGLEWKTKTVPYLGVEWRTKTVSYWFFGWHTKQVAYLAPVWKEKTIPYAVPVTLSK
GCA_003591575.1_01910	---------------------------------------------------------
GCA_003594505.1_02853	---------------------------------------------------------
GCA_003594505.1_03154	YLGLEWKTKTVPYLGVEWRTKTVSYWFFGWHTKQVAYLAPVWKEKTIPYAVPVTLSK
GCA_003594515.1_00014	YLGLEWKTKTVPYLGLEWRTKTVSYWFFGWHTKQVAYLAPVWKEKTIPYAVPVTLSK
GCA_003594515.1_01191	---------------------------------------------------------
GCA_003594535.1_00287	YLGLEWKTKTVPYLGVEWRTKTVSYWFFGWHTKQVAYLAPVWKEKTIPYAVPVTLSK
GCA_003594535.1_01090	---------------------------------------------------------
GCA_003594945.1_01149	---------------------------------------------------------
GCA_003594945.1_02114	YLGLEWKTKTVPYLGLEWRTKTVSYWFFGWHTKQVAYLAPVWKEKTIPYAVPVTLSK
GCA_003595585.1_01035	---------------------------------------------------------
GCA_003716365.1_01319	YLGLEWKTKTVPYLGVEWRTKTVSYWFFGWHTKQVAYLAPVWKEKTIPYAVPVTLSK
GCA_003716365.1_02452	---------------------------------------------------------
GCA_003716375.1_00795	YPGLEWKTKTVPYLGVEWRTKTVSYWFFGWHTKQVAYLAPVWKEKTIPYAVPVTLSK
GCA_003716375.1_02734	---------------------------------------------------------
GCA_003716425.1_01127	---------------------------------------------------------
GCA_003716425.1_01354	YPGLEWKTKTVPYLGLEWRTKTVSYWFFGWHTKQVAYLAPVWKEKTIPYAVPVTLSK
GCA_003716435.1_00871	---------------------------------------------------------
GCA_003716465.1_00382	YLGLEWKTKTVPYLGLEWRTKTVSYWFFGWHTKQVAYLAPVWKEKTIPYAVPVTLSK
GCA_003716465.1_02186	---------------------------------------------------------
GCA_003716505.1_00093	---------------------------------------------------------
GCA_003716505.1_00965	YLGLEWKTKTVPYLGLEWRTKTVSYWFFGWHTKQVAYLAPVWKEKTIPYAVPVTLSK
GCA_003716515.1_00743	---------------------------------------------------------
GCA_003716515.1_01641	YPGLEWKTKTVPYLGVEWRTKTVSYWFFGWHTKQVAYLAPVWKEKTIPYAVPVTLSK
GCA_004117115.1_01089	YPGLEWKTKTVPYLGLEWRTKTVSYWFFGWHTKQVAYLAPVWKEKTIPYAVPVTLSK
GCA_004121775.1_00265	---------------------------------------------------------
GCA_004801065.1_02413	---------------------------------------------------------
GCA_005636045.1_03555	---------------------------------------------------------
GCA_005636065.1_02573	---------------------------------------------------------
GCA_006802045.1_01992	YLGLEWKTKTVPYLGVEWRTKTVSYWFFGWHTKQVAYLAPVWKEKTIPYAVPVTLSK
GCA_006802045.1_03441	---------------------------------------------------------
GCA_006802075.1_01853	---------------------------------------------------------
GCA_006802075.1_02514	YLGLEWKTKTVPYLGLEWRTKTVSYWFFGWHTKQVAYLAPVWKEKTIPYAVPVTLSK
GCA_006802145.1_02375	YLGLEWKTKTVPYLGLEWRTKTVSYWFFGWHTKQVAYLAPVWKEKTIPYAVPVTLSK
GCA_006802145.1_02961	---------------------------------------------------------
GCA_006802155.1_02220	YLGLEWKTKTVPYLGLEWRTKTVSYWFFGWHTKQVAYLAPVWKEKTIPYAVPVTLSK
GCA_006802165.1_00374	---------------------------------------------------------
GCA_006802195.1_01671	---------------------------------------------------------
GCA_006802205.1_01161	YPGLEWKTKTVPYLGLEWRTKTVSYWFFGWHTKQVAYLAPVWKEKTIPYAVPVTLSK
GCA_006802205.1_01694	---------------------------------------------------------
GCA_006802255.1_01303	---------------------------------------------------------
GCA_006802255.1_01926	YLGLEWKTKTVPYLGLEWRTKTVSYWFFGWHTKQVAYLAPVWKEKTIPYAVPVTLSK
GCA_006802295.1_02348	YLGLEWKTKTVPYLGLEWRTKTVSYWFFGWHTKQVAYLAPVWKEKTIPYAVPVTLSK
GCA_006802345.1_01111	---------------------------------------------------------
GCA_006802365.1_02315	---------------------------------------------------------
GCA_006802365.1_02551	YLGLEWKTKTVPYLGVEWRTKTVSYWFFGWHTKQVAYLAPVWKEKTIPYAVPVTLSK
GCA_006802375.1_02966	---------------------------------------------------------
GCA_006802375.1_03474	YLGLEWKTKTVPYLGLEWRTKTVSYWFFGWHTKQVAYLAPVWKEKTIPYAVPVTLSK
GCA_006802395.1_00007	---------------------------------------------------------
GCA_006802395.1_02699	YPGLEWKTKTVPYLGLEWRTKTVSYWFFGWHTKQVAYLAPVWKEKTIPYAVPVTLSK
GCA_006802445.1_02317	---------------------------------------------------------
GCA_006802475.1_01253	---------------------------------------------------------
GCA_006802475.1_02757	YLGLEWKTKTVPYLGLEWRTKTVSYWFFGWHTKQVAYLAPVWKEKTIPYAVPVTLSK
GCA_006802485.1_01941	---------------------------------------------------------
GCA_006802485.1_02089	YLGLEWKTKTVPYLGLEWRTKTVSYWFFGWHTKQVAYLAPVWKEKTIPYAVPVTLSK
GCA_006802495.1_01885	---------------------------------------------------------
GCA_006802545.1_02851	---------------------------------------------------------
GCA_006802575.1_00539	YPGLEWKTKTVPYLGLEWRTKTVSYWFFGWHTKQVAYLAPVWKEKTIPYAVPVTLSK
GCA_006802595.1_00777	---------------------------------------------------------
GCA_006802595.1_03182	YLGLEWKTKTVPYLGLEWRTKTVSYWFFGWHTKQVAYLAPVWKEKTIPYAVPVTLSK
GCA_006802605.1_00137	---------------------------------------------------------
GCA_006802605.1_00348	YLGLEWKTKTVPYLGLEWRTKTVSYWFFGWHTKQVAYLAPVWKEKTIPYAVPVTLSK
GCA_006802655.1_00177	---------------------------------------------------------
GCA_006802655.1_01769	YLGLEWKTKTVPYLGLEWRTKTVSYWFFGWHTKQVAYLAPVWKEKTIPYAVPVTLSK
GCA_006802685.1_00456	YLGLEWKTKTVPYLGLEWRTKTVSYWFFGWHTKQVAYLAPVWKEKTIPYAVPVTLSK
GCA_006802695.1_01119	---------------------------------------------------------
GCA_006802705.1_01424	YLGLEWKTKTVPYLGLEWRTKTVSYWFFGWHTKQVAYLAPVWKEKTIPYAVPVTLSK
GCA_006802735.1_02306	---------------------------------------------------------
GCA_006802795.1_01783	YLGLEWKTKTVPYLGLEWRTKTVSYWFFGWHTKQVAYLAPVWKEKTIPYAVPVTLSK
GCA_006802795.1_02771	---------------------------------------------------------
GCA_006802815.1_01742	YLGLEWKTKTVPYLGVEWRTKTVSYWFFGWHTKQVAYLAPVWKEKTIPYAVPVTLSK
GCA_006802815.1_03493	---------------------------------------------------------
GCA_006802865.1_01219	YLGLEWKTKTVPYLGLEWRTKTVSYWFFGWHTKQVAYLAPVWKEKTIPYAVPVTLSK
GCA_006802865.1_01333	---------------------------------------------------------
GCA_006802905.1_00461	---------------------------------------------------------
GCA_006802905.1_01874	YPGLEWKTKTVPYLGLEWRTKTVSYWFFGWHTKQVAYLAPVWKEKTIPYAVPVTLSK
GCA_006802915.1_00991	---------------------------------------------------------
GCA_006802925.1_00784	YLGLEWKTKTVPYLGVEWRTKTVSYWFFGWHTKQVAYLAPVWKEKTIPYAVPVTLSK
GCA_006802925.1_01404	---------------------------------------------------------
GCA_006802935.1_02098	---------------------------------------------------------
GCA_006802945.1_00401	---------------------------------------------------------
GCA_006803025.1_01857	---------------------------------------------------------
GCA_006803025.1_02975	YPGLEWKTKTVPYLGLEWRTKTVSYWFFGWHTKQVAYLAPVWKEKTIPYAVPVTLSK
GCA_006803035.1_01905	YPGLEWKTKTVPYLGLEWRTKTVSYWFFGWHTKQVAYLAPVWKEKTIPYAVPVTLSK
GCA_006803035.1_02947	---------------------------------------------------------
GCA_006803105.1_00686	YLGLEWKTKTVPYLGLEWRTKTVSYWFFGWHTKQVAYLAPVWKEKTIPYAVPVTLSK
GCA_006803105.1_03444	---------------------------------------------------------
GCA_006803115.1_00573	---------------------------------------------------------
GCA_006803125.1_02695	YLGLEWKTKTVPYLGLEWRTKTVSYWFFGWHTKQVAYLAPVWKEKTIPYAVPVTLSK
GCA_006803125.1_03658	---------------------------------------------------------
GCA_006803135.1_01706	---------------------------------------------------------
GCA_007623975.1_01778	---------------------------------------------------------
GCA_007624435.1_02231	---------------------------------------------------------
GCA_007624435.1_02443	YLGLEWKTKTVPYLGLEWRTKTVSYWFFGWHTKQVAYLAPVWKEKTIPYAVPVTLSK
GCA_008083215.1_00649	YLGLEWKTKTVPYLGVEWRTKTVSYWFFGWHTKQVAYLAPVWKEKTIPYAVPVTLSK
GCA_008083245.1_00495	YLGLEWKTKTVPYLGVEWRTKTVSYWFFGWHTKQVAYLAPVWKEKTIPYAVPVTLSK
GCA_008083315.1_00020	YLGLEWKTKTVPYLGVEWRTKTVSYWFFGWHTKQVAYLAPVWKEKTIPYAVPVTLSK
GCA_008083335.1_01852	---------------------------------------------------------
GCA_008083335.1_02720	YLGLEWKTKTVPYLGVEWRTKTVSYWFFGWHTKQVAYLAPVWKEKTIPYAVPVTLSK
GCA_008083355.1_00918	---------------------------------------------------------
GCA_008083365.1_01642	---------------------------------------------------------
GCA_008083365.1_03177	YLGLEWKTKTVPYLGVEWRTKTVSYWFFGWHTKQVAYLAPVWKEKTIPYAVPVTLSK
GCA_008083415.1_00791	YLGLEWKTKTVPYLGVEWRTKTVSYWFFGWHTKQVAYLAPVWKEKTIPYAVPVTLSK
GCA_008083415.1_01538	---------------------------------------------------------
GCA_008083425.1_02493	YLGLEWKTKTVPYLGVEWRTKTVSYWFFGWHTKQVAYLAPVWKERTIPYAVPVTLSK
GCA_008083445.1_01202	---------------------------------------------------------
GCA_008083445.1_02949	YLGLEWKTKTVPYLGVEWRTKTVSYWFFGWHTKQVAYLAPVWKEKTIPYAVPVTLSK
GCA_008083465.1_00155	---------------------------------------------------------
GCA_008083535.1_00313	---------------------------------------------------------
GCA_008083545.1_01383	YLGLEWKTKTVPYLGVEWRTKTVSYWFFGWHTKRVAYLAPVWKEKTIPYAVPVTLSK
GCA_008083575.1_00518	YLGLEWKTKTVPYLGVEWRTKTVSYWFFGWHTKQVAYLAPVWKEKTIPYAVPVTLSK
GCA_008083575.1_01527	---------------------------------------------------------
GCA_008083615.1_00241	---------------------------------------------------------
GCA_008083635.1_01682	---------------------------------------------------------
GCA_008083635.1_02872	YLGLEWKTKTVPYLGVEWRTKTVSYWFFGWHTKQVAYLAPVWKERTIPYAVPVTLSK
GCA_008083665.1_02742	YPGLEWKTKTVPYLGLEWHTKTVSYWFFGWHTKQVAYLAPVWKEKTIPYAVPVTLSK
GCA_008083715.1_01557	---------------------------------------------------------
GCA_008083755.1_00568	---------------------------------------------------------
GCA_008083775.1_03181	---------------------------------------------------------
GCA_008083785.1_00337	---------------------------------------------------------
GCA_008083785.1_01600	YLGLEWKTKTVPYLGVEWRTKTVSYWFFGWHTKQVAYLAPVWKEKTIPYAVPVTLSK
GCA_008083855.1_01192	---------------------------------------------------------
GCA_008083855.1_01419	YPGLEWKTKTVPYLGLEWHTKTVSYWFFGWHTKQVAYLAPVWKEKTIPYAVPVTLSK
GCA_008083865.1_01011	YLGLEWKTKTVPYLGVEWRTKTVSYWFFGWHTKQVAYLAPVWKEKTIPYAVPVTLSK
GCA_008083875.1_01971	YLGLEWKTKTVPYLGLEWRTKTVSYWFFGWHTKQVAYLAPVWKEKTIPYAVPVTLSK
GCA_008083915.1_02339	---------------------------------------------------------
GCA_008083925.1_01913	---------------------------------------------------------
GCA_008083955.1_02250	YLGLEWKTKTVPYLGVEWRTKTVSYWFFGWHTKQVAYLAPVWKEKTIPYAVPVTLSK
GCA_008083965.1_03765	---------------------------------------------------------
GCA_008083975.1_01937	---------------------------------------------------------
GCA_008083975.1_03080	YLGLEWKTKTVPYLGVEWRTKTVSYWFFGWHTKQVAYLAPVWKEKTIPYAVPVTLSK
GCA_008083995.1_01972	---------------------------------------------------------
GCA_008084025.1_00268	YLGLEWKTKTVPYLGVEWRTKTVSYWFFGWHTKQVAYLAPVWKEKTIPYAVPVTLSK
GCA_008084025.1_01965	---------------------------------------------------------
GCA_008084055.1_01716	YLGLEWKTKTVPYLGVEWRTKTVSYWFFGWHTKQVAYLAPVWKEKTIPYAVPVTLSK
GCA_008084055.1_02216	---------------------------------------------------------
GCA_008084295.1_01170	YLGLEWKTKTVPYLGVEWRTKTVSYWFFGWHTKQVAYLAPVWKEKTIPYAVPVTLSK
GCA_008084305.1_02634	---------------------------------------------------------
GCA_008084315.1_00932	---------------------------------------------------------
GCA_008084325.1_03298	---------------------------------------------------------
GCA_008084395.1_01724	YLGLEWKTKTVPYLGVEWRTKTVSYWFFGWHTKQVAYLAPVWKEKTIPYAVPVTLSK
GCA_008084405.1_02157	---------------------------------------------------------
GCA_008084425.1_01256	YLGLEWKTKTVPYLGVEWRTKTVSYWFFGWHTKQVAYLAPVWKEKTIPYAVPVTLSK
GCA_008084425.1_02514	---------------------------------------------------------
GCA_008084505.1_02818	---------------------------------------------------------
GCA_008084525.1_00941	YLGLEWKTKTVPYLGVEWRTKTVSYWFFGWHTKQVAYLAPVWKEKTIPYAVPVTLSK
GCA_008084525.1_03062	---------------------------------------------------------
GCA_008084545.1_02730	YLGLEWKTKTVPYLGVEWRTKTVSYWFFGWHTKQVAYLAPVWKEKTIPYAVPVTLSK
GCA_008084565.1_01748	---------------------------------------------------------
GCA_008084565.1_02721	YLGLEWKTKTVPYLGVEWRTKTVSYWFFGWHTKQVAYLAPVWKEKTIPYAVPVTLSK
GCA_008084605.1_00427	YPGLEWKTKTVPYLGLEWRTKTVSYWFFGWHTKQVAYLAPVWKEKTIPYAVPVTLSK
GCA_008084605.1_03212	---------------------------------------------------------
GCA_008084645.1_00756	---------------------------------------------------------
GCA_008084645.1_03335	YLGLEWKTKTVPYLGVEWRTKTVSYWFFGWHTKQVAYLAPVWKEKTIPYAVPVTLSK
GCA_008084655.1_00969	YLGLEWKTKTVPYLGVEWRTKTVSYWFFGWHTKQVAYLAPVWKEKTIPYAVPVTLSK
GCA_008084655.1_02931	---------------------------------------------------------
GCA_008084705.1_00091	YLGLEWKTKTVPYLGVEWRTKTVSYWFFGWHTKQVAYLAPVWKEKTIPYAVPVTLSK
GCA_008084705.1_01070	---------------------------------------------------------
GCA_008084745.1_02072	---------------------------------------------------------
GCA_008084755.1_00544	---------------------------------------------------------
GCA_008084755.1_01626	YLGLEWKTKTVPYLGLEWRTKTVSYWFFGWHTKQVAYLAPVWKEKTIPYAVPVTLSK
GCA_008084795.1_01311	YLGLEWKTKTVPYLGLEWRTKTVSYWFFGWHTKQVAYLAPVWKEKTIPYAVPVTLSK
GCA_008084815.1_01933	YLGLEWKTKTVPYLGVEWRTKTVSYWFFGWHTKQVAYLAPVWKEKTIPYAVPVTLSK
GCA_008084825.1_01978	---------------------------------------------------------
GCA_008084835.1_00011	---------------------------------------------------------
GCA_008084855.1_00315	YLGLEWKTKTVPYLGLEWRTKTVSYWFFGWHTKQVAYLAPVWKEKTIPYAVPVTLSK
GCA_008084855.1_02829	---------------------------------------------------------
GCA_008085465.1_02457	---------------------------------------------------------
GCA_008085465.1_02696	YLGLEWKTKTVPYLGVEWRTKTVSYWFFGWHTKQVAYLAPVWKEKTIPYAVPVTLSK
GCA_008085535.1_01423	---------------------------------------------------------
GCA_008085535.1_02177	YLGLEWKTKTVPYLGVEWRTKTVSYWFFGWHTKQVAYLAPVWKEKTIPYAVPVTLSK
GCA_008085575.1_02641	YLGLEWKTKTVPYLGLEWRTKTVSYWFFGWHTKQVAYLAPVWKEKTIPYAVPVTLSK
GCA_008085575.1_02902	---------------------------------------------------------
GCA_008085585.1_00136	YLGLEWKTKTVPYLGLEWRTKTVSYWFFGWHTKQVAYLAPVWKEKTIPYAVPVTLSK
GCA_008085625.1_01423	YLGLEWKTKTVPYLGLEWRTKTVSYWFFGWHTKQVAYLAPVWKEKTIPYAVPVTLSK
GCA_008085625.1_02880	---------------------------------------------------------
GCA_008085635.1_01381	YLGLEWKTKTVPYLGLEWRTKTVSYWFFGWHTKQVAYLAPVWKEKTIPYAVPVTLSK
GCA_008085635.1_01831	---------------------------------------------------------
GCA_008269345.1_00573	YLGLEWKTKTVPYLGLEWRTKTVSYWFFGWHTKQVAYLAPVWKEKTIPYAVPVTLSK
GCA_008269345.1_01341	---------------------------------------------------------
GCA_008269455.1_01946	---------------------------------------------------------
GCA_008369465.1_00289	YLGLEWKTKTVPYLGLEWRTKTVSYWFFGWHTKQVAYLAPVWKEKTIPYAVPVTLSK
GCA_008369465.1_02016	---------------------------------------------------------
GCA_008369605.1_00936	YLGLEWKTKTVPYLGVEWRTKTVSYWFFGWHTKQVAYLAPVWKEKTIPYAVPVTLSK
GCA_008369605.1_01830	---------------------------------------------------------
GCA_008370425.1_00590	YLGLEWKTKTVPYLGLEWRTKTVSYWFFGWHTKQVAYLAPVWKEKTIPYAVPVTLSK
GCA_008370425.1_02682	---------------------------------------------------------
GCA_008370445.1_00322	YLGLEWKTKTVPYLGVEWRTKTVSYWFFGWHTKQVAYLAPVWKEKTIPYAVPVTLSK
GCA_008370595.1_00929	---------------------------------------------------------
GCA_009653605.1_01925	YLGLEWKTKTVPYLGVEWRTKTVSYWFFGWHTKQVAYLAPVWKEKTIPYAVPVTLSK
GCA_009653605.1_03083	---------------------------------------------------------
GCA_009665195.1_00211	---------------------------------------------------------
GCA_009665255.1_01692	---------------------------------------------------------
GCA_009762895.1_01540	YLGLEWKTKTVPYLGLEWRTKTVSYWFFGWHTKQVAYLAPVWKEKTIPYAVPVTLSK
GCA_009762895.1_02589	---------------------------------------------------------
GCA_009763905.1_00361	YLGLEWKTKTIPYLGLEWRTKTVSYWFFGWHTKQVAYLAPVWKEKTIPYLAPVTLSK
GCA_009763905.1_02145	---------------------------------------------------------
GCA_009763965.1_00167	---------------------------------------------------------
GCA_009764025.1_00918	---------------------------------------------------------
GCA_009899585.1_02264	YPGLEWKTKTVPYLGVEWRTKTVSYWFFGWHTKQVAYLAPVWKEKTIPYAVPVTLSK
GCA_012275105.1_00813	---------------------------------------------------------
GCA_012275105.1_02693	YLGLEWKTKTVPYLGVEWRTKTVSYWFFGWHTKQVAYLAPVWKEKTIPYAVPVTLSK
GCA_013048725.1_02089	---------------------------------------------------------
GCA_013048735.1_03362	---------------------------------------------------------
GCA_013048765.1_01280	---------------------------------------------------------
GCA_013110925.1_00271	---------------------------------------------------------
GCA_013110925.1_01593	YLGLEWKTKTVPYLGLEWRTKTVSYWFFGWHTKQVAYLAPVWKEKTIPYAVPVTLSK
GCA_013110955.1_03256	---------------------------------------------------------
GCA_013110975.1_02439	---------------------------------------------------------
GCA_013111105.1_03019	---------------------------------------------------------
GCA_013111175.1_00017	---------------------------------------------------------
GCA_013111175.1_01463	YLGLEWKTKTVPYLGVEWRTKTVSYWFFGWHTKQVAYLAPVWKEKTIPYAVPVTLSK
GCA_013111215.1_02346	YLGLEWKTKTVPYLGLEWRTKTVSYWFFGWRTKQVAYLAPVWKEKTIPYAIPVTLSK
GCA_013111215.1_03341	---------------------------------------------------------
GCA_013111245.1_01775	---------------------------------------------------------
GCA_013111275.1_02250	---------------------------------------------------------
GCA_013111295.1_02047	YLGLEWKTKTVPYLGLEWRTKTVSYWFFGWHTKQVAYLAPVWKEKTIPYAVPVTLSK
GCA_013111295.1_03051	---------------------------------------------------------
GCA_013111545.1_00161	---------------------------------------------------------
GCA_013111585.1_01194	YLGLEWKTKTVPYLGVEWRTKTVSYWFFGWHTKQVAYLAPVWKEKTIPYAVPMTLSK
GCA_013111605.1_02288	---------------------------------------------------------
GCA_013111655.1_02788	---------------------------------------------------------
GCA_013357605.1_02005	---------------------------------------------------------
GCA_013357625.1_00978	YLGLEWKTKTVPYLGVEWRTKTVSYWFFGWHTKQVAYLAPVWKEKTIPYAVPVTLSK
GCA_013357645.1_00978	YLGLEWKTKTVPYLGVEWRTKTVSYWFFGWHTKQVAYLAPVWKEKTIPYAVPVTLSK
GCA_013357665.1_00978	YPGLEWKTKTVPYLGLEWRTKTVSYWFFGWHTKQVAYLAPVWKEKTIPYAVPVTLSK
GCA_013357665.1_01897	---------------------------------------------------------
GCA_013357685.1_01790	---------------------------------------------------------
GCA_013357745.1_00980	YLGLEWKTKTVPYLGLEWRTKTVSYWFFGWHTKQVAYLAPVWKEKTIPYAVPVTLSK
GCA_013357745.1_01905	---------------------------------------------------------
GCA_013357765.1_01834	---------------------------------------------------------
GCA_013357785.1_00977	YLGLEWKTKTVPYLGLEWRTKTVSYWFFGWHTKQVAYLAPVWKEKTIPYAVPVTLSK
GCA_013357785.1_01929	---------------------------------------------------------
GCA_013357825.1_01005	YLGLEWKTKTVPYLGLEWRTKTVSYWFFGWHTKQVAYLAPVWKEKTIPYAVPVTLSK
GCA_013357885.1_00989	YLGLEWKTKTVPYLGLEWRTKTVSYWFFGWHTKQVAYLAPVWKEKTIPYAVPVTLSK
GCA_013357885.1_01911	---------------------------------------------------------
GCA_013414365.1_01440	---------------------------------------------------------
GCA_013414375.1_00024	YLGLEWKTKTVPYLGVEWRTKTVSYWFFGWHTKQVAYLAPVWKEKTIPYAVPVTLSK
GCA_013414375.1_03320	---------------------------------------------------------
GCA_013414565.1_01590	YLGLEWKTKTVPYLGVEWRTKTVSYWFFGWHTKQVAYLAPVWKEKTIPYAVPVTLSK
GCA_013414565.1_03502	---------------------------------------------------------
GCA_014116745.1_00573	---------------------------------------------------------
GCA_014116745.1_02241	YLGLEWKTKTVPYLGLEWRTKTVSYWFFGWHTKQVAYLAPVWKEKTIPYAVPVTLSK
GCA_014281135.1_02991	---------------------------------------------------------
GCA_014525175.1_00283	YPGLEWKTKTVPYLGVEWRTKTVSYWFFGWHTKQVAYLAPVWKEKTIPYAVPVTLSK
GCA_014525175.1_02151	---------------------------------------------------------
GCA_014634265.1_02548	YLGLEWKTKTVPYLGVEWRTKTVSYWFFGWHTKQVAYLAPVWKEKTIPYAVPVTLSK
GCA_014654545.1_00039	---------------------------------------------------------
GCA_014654545.1_03338	YLGLEWKTKTVPYLGVEWRTKTVSYWFFGWHTKQVAYLAPVWKEKTIPYAVPVTLSK
GCA_014654565.1_00809	YLGLEWKTKTVPYLGVEWRTKTVSYWFFGWHTKQVAYLAPVWKEKTIPYAVPVTLSK
GCA_014654695.1_01532	YLGLEWKTKTVPYLGLEWRTKTVSYWFFGWHTKQVAYLAPVWKEKTIPYAAPVTLSK
GCA_014654695.1_01915	---------------------------------------------------------
GCA_015168795.1_00971	YPGLEWKTKTVPYLGLEWRTKTVSYWFFGWHTKQVAYLAPVWKEKTIPYAVPVTLSK
GCA_015168795.1_01880	---------------------------------------------------------
GCA_015830005.1_01134	YLGLEWKTKTVPYLGVEWRTKTVSYWFFGWHTKQVAYLAPVWKEKTIPYAVPVTLSK
GCA_015830025.1_00589	YLGLEWKTKTVPYLGVEWRTKTVSYWFFGWHTKQVAYLAPVWKEKTIPYAVPVTLSK
GCA_016456575.1_01412	---------------------------------------------------------
GCA_016456645.1_00173	---------------------------------------------------------
GCA_016456785.1_01191	YLGLEWKTKTVPYLGLEWRTKTVSYWFFGWHTKQVAYLAPVWKEKTIPYAVPVTLSK
GCA_016456805.1_00812	YLGLEWKTKTVPYLGVEWRTKTVSYWFFGWHTKQVAYLAPVWKEKTIPYAVPVTLSK
GCA_016456805.1_01534	---------------------------------------------------------
GCA_016456815.1_00506	---------------------------------------------------------
GCA_016456815.1_01171	YPGLEWKTKTVPYLGLEWRTKTVSYWFFGWRTKQVAYLAPVWKEKTIPYAIPVTLSK
GCA_016456845.1_00570	---------------------------------------------------------
GCA_016456855.1_00992	YLGLEWKTKTVPYLGVEWRTKTVSYWFFGWHTKQVAYLAPVWKEKTIPYAVPVTLSK
GCA_016456855.1_01793	---------------------------------------------------------
GCA_016456875.1_00729	---------------------------------------------------------
GCA_016456875.1_01191	YLGLEWKTKTVPYLGVEWRTKTVSYWFFGWHTKQVAYLAPVWKEKTIPYAVPVTLSK
GCA_016456905.1_01291	YLGLEWKTKTVPYLGLEWRTKTVSYWFFGWHTKQVAYLAPVWKEKTIPYAVPVTLSK
GCA_016456915.1_01852	YLGLEWKTKTVPYLGLEWRTKTVSYWFFGWHTKQVAYLAPVWKEKTIPYAVPVTLSK
GCA_016456995.1_00264	---------------------------------------------------------
GCA_016456995.1_01529	YLGLEWKTKTVPYLGLEWRTKTVSYWFFGWHTKQVAYLAPVWKEKTIPYAVPVTLSK
GCA_016457005.1_00938	---------------------------------------------------------
GCA_016457045.1_02125	YLGLEWKTKTVPYLGLEWRTKTVSYWFFGWHTKQVAYLAPVWKEKTIPYAVPVTLSK
GCA_016457055.1_02416	---------------------------------------------------------
GCA_016457125.1_01889	YLGLEWKTKTVPYLGLEWRTKTVSYWFFGWHTKQVAYLAPVWKEKTIPYAVPVTLSK
GCA_016457125.1_02370	---------------------------------------------------------
GCA_016457155.1_02259	YLGLEWKTKTVPYLGLEWRTKTVSYWFFGWHTKQVAYLAPVWKEKTIPYAVPVTLSK
GCA_016457185.1_00975	YLGLEWKTKTVPYLGVEWRTKTVSYWFFGWHTKQVAYLAPVWKEKTIPYAVPVTLSK
GCA_016457185.1_01965	---------------------------------------------------------
GCA_016457205.1_02105	YLGLEWKTKTVPYLGLEWRTKTVSYWFFGWHTKQVAYLAPVWKEKTIPYAVPVTLSK
GCA_017169525.1_01955	YPGLEWKTKTVPYLGLEWRTKTVSYWFFGWHTKQVAYLAPVWKEKTIPYAVPVTLSK
GCA_017169525.1_02603	---------------------------------------------------------
GCA_017426745.1_01543	YLGLEWKTKTVPYLGLEWRTKTVSYWFFGWHTKQVAYLAPVWKEKTIPYAVPVTLSK
GCA_017426765.1_00598	---------------------------------------------------------
GCA_017426785.1_00559	YLGLEWKTKTAPYLGLEWRTKTVSYWFFGWHTKQVAYLAPVWKEKTIPYAVPVTLSK
GCA_017426785.1_02221	---------------------------------------------------------
GCA_017426905.1_00888	YLGLEWKTKTVPYLGLEWRTKTVSYWFFGWHTKQVAYLAPVWKEKTIPYAVPVTLSK
GCA_017426915.1_03518	---------------------------------------------------------
GCA_017426965.1_02468	---------------------------------------------------------
GCA_017426985.1_00001	YLGLEWKTKTVPYLGLEWRTKTVSYWFFGWHTKQVAYLAPVWKEKTIPYAVPVTLSK
GCA_017426985.1_02672	---------------------------------------------------------
GCA_017814615.1_00419	YLGLEWKTKTVPYLGLEWRTKTVSYWFFGWHTKQVAYLAPVWKEKTIPYAVPVTLSK
GCA_018035165.1_02875	---------------------------------------------------------
GCA_019048845.1_02137	YLGFEWKTKTISYLGLEWRTKTVYFWFFGWHAKQVSYLAPVWKQKTVPYLAPVTLSK
GCA_019048845.1_03201	---------------------------------------------------------
GCA_019092625.1_00088	YPGLEWKTKTVPYLGLEWRTKTVSYWFFGWHTKQVAYLAPVWKEKTIPYAVPVTLSK
GCA_019092625.1_00308	---------------------------------------------------------
GCA_019092705.1_01522	---------------------------------------------------------
GCA_019092805.1_01389	---------------------------------------------------------
GCA_019092825.1_01518	YPGLEWKTKTVPYLGLEWRTKTVSYWFFGWHTKQVAYLAPVWKEKTIPYAVPVTLSK
GCA_019093035.1_01648	YPGLEWKTKTVPYLGLEWRTKTVSYWFFGWHTKQVAYLAPVWKEKTIPYAVPVTLSK
GCA_019093085.1_01450	---------------------------------------------------------
GCA_019093085.1_01671	YPGLEWKTKTVPYLGLEWRTKTVSYWFFGWHTKQVAYLAPVWKEKTIPYAVPVTLSK
GCA_019093145.1_00403	---------------------------------------------------------
GCA_019273635.1_01410	YLGLEWKTKTVPYLGVEWRTKTVSYWFFGWHTKQVAYLAPVWKEKTIPYAVPVTLSK
GCA_019273655.1_01403	YLGLEWKTKTVPYLGVEWRTKTVSYWFFGWHTKQVAYLAPVWKEKTIPYAVPVTLSK
GCA_019273655.1_02237	---------------------------------------------------------
GCA_019350735.1_00925	YLGLEWKTKTVPYLGVEWRTKTVSYWFFGWHTKQVAYLAPVWKEKTIPYAVPVTLSK
GCA_019400765.1_00042	YLGLEWKTKTVPYLGVEWRTKTVSYWFFGWHTKQVAYLAPVWKEKTIPYAVPVTLSK
GCA_019400765.1_03524	---------------------------------------------------------
GCA_019448125.1_02812	YLGLEWKTKTVPYLGVEWRTKTVSYWFFGWHTKQVAYLAPVWKEKTIPYAVPVTLSK
GCA_019458465.1_01054	YLGLEWKTKTVPYLGLEWRTKTVSYWFFGWHTKQVAYLAPVWKEKTIPYAVPVTLSK
GCA_019458465.1_02012	---------------------------------------------------------
GCA_019780445.1_01757	YPGLEWKTKTVPYLGLEWRTKTVSYWFFGWHTKQVAYLAPVWKEKTIPYAVPVTLSK
GCA_019780645.1_00878	YLGLEWKTKTVPYLGVEWRTKTVSYWFFGWHTKQVAYLAPVWKEKTIPYAVPVTLSK
GCA_019780645.1_03150	---------------------------------------------------------
GCA_019846205.1_03227	---------------------------------------------------------
GCA_021014515.1_02890	YLGLEWKTKTVPYLGLEWRTKTVSYWFFGWHTKQVAYLAPVWKEKTIPYAVPVTLSK
GCA_021014515.1_02959	---------------------------------------------------------
GCA_021014565.1_01472	YLGLEWKTKTVPYLGLEWRTKTVSYWFFGWHTKQVAYLAPVWKEKTIPYAVPVTLSK
GCA_021014585.1_02206	YLGLEWKTKTVPYLGLEWRTKTVSYWFFGWHTKQVAYLAPVWKEKTIPYAVPVTLSK
GCA_021014585.1_03415	---------------------------------------------------------
GCA_021014605.1_02543	YLGLEWKTKTVPYLGLEWRTKTVSYWFFGWHTKQVAYLAPVWKEKTIPYAVPVTLSK
GCA_021014625.1_00839	YLGLEWKTKTVPYLGLEWRTKTVSYWFFGWHTKQVAYLAPVWKEKTIPYAVPVTLSK
GCA_021014625.1_03042	---------------------------------------------------------
GCA_021014645.1_00560	---------------------------------------------------------
GCA_021014705.1_02109	YLGLEWKTKTVPYLGLEWRTKTVSYWFFGWHTKQVAYLAPVWKEKTIPYTVPVTLSK
GCA_021014725.1_02927	---------------------------------------------------------
GCA_021014845.1_03417	YLGLEWKTKTVPYLGLEWRTKTVSYWFFGWHTKQVAYLAPVWKEKTIPYAVPVTLSK
GCA_021014865.1_00087	---------------------------------------------------------
GCA_021014875.1_00261	YLGLEWKTKTVPYLGLEWRTKTVSYWFFGWHTKQVAYLAPVWKEKTIPYAVPVTLSK
GCA_021014875.1_01193	---------------------------------------------------------
GCA_021166915.1_01041	---------------------------------------------------------
GCA_021166935.1_02020	YLGLEWKTKTVPYLGVEWRTKTVSYWFFGWHTKQVAYLAPVWKEKTIPYAVPVTLSK
GCA_021166935.1_02360	---------------------------------------------------------
GCA_021166955.1_01493	---------------------------------------------------------
GCA_021166975.1_02432	---------------------------------------------------------
GCA_021167035.1_00978	---------------------------------------------------------
GCA_021167035.1_02848	YLGLEWKTKTVPYLGLEWRTKTVSYWFFGWHTKQVAYLAPVWKEKTIPYAVPVTLSK
GCA_021228575.1_00470	---------------------------------------------------------
GCA_021228575.1_01427	YLGLEWKTKTVPYLGVEWRTKTVSYWFFGWHTKQVAYLAPVWKEKTIPYAVPVTLSK
GCA_021431945.1_02031	YLGLEWKTKTVPYLGVEWRTKTVSYWFFGWHTKQVAYLAPVWKEKTIPYAVPVTLSK
GCA_022758165.1_02180	---------------------------------------------------------
GCA_022758165.1_02498	YLGLEWKTKTVPYLGVEWRTKTVSYWFFGWHTKQVAYLAPVWKEKTIPYAVPVTLSK
GCA_023488285.1_01373	YLGLEWKTKTVPYLGVEWRTKTVSYWFFGWHTKQVAYLAPVWKEKTIPYAVPVTLSK
GCA_023488285.1_02472	---------------------------------------------------------
GCA_024105835.1_02251	---------------------------------------------------------
GCA_024105855.1_02204	---------------------------------------------------------
GCA_024105875.1_01096	YPGLEWKTKTVPYLGLEWHTKTVSYWFFGWHTKQVAYLAPVWKEKTIPYAVPVTLSK
GCA_024105925.1_02705	---------------------------------------------------------
GCA_024743495.1_00046	YLGLEWKTKTIPYLGLEWRTKTVSYWFFGWHTKQVAYLAPVWKEKTIPYLAPVTLSK
GCA_024743495.1_01301	---------------------------------------------------------
GCA_024743535.1_00915	---------------------------------------------------------
GCA_024743545.1_03166	---------------------------------------------------------
GCA_024745295.1_02314	YLGLEWKTKTVPYLGVEWRTKTVSYWFFGWHTKQVAYLAPVWKEKTIPYAVPVTLSK
GCA_024745295.1_03252	---------------------------------------------------------
GCA_024745935.1_02364	YLGLEWKTKTVPYLGLEWRTKTVSYWFFGWHTKQVAYLAPVWKEKTIPYAVPVTLSK
GCA_024746215.1_02137	YLGLEWKTKTVPYLGLEWRTKTVSYWFFGWHTKQVAYLAPVWKEKTIPYAVPVTLSK
GCA_024746925.1_01708	YLGLEWKTKTVPYLGLEWRTKTVSYWFFGWHTKQVAYLAPVWKEKTIPYAVPVTLSK
GCA_024748415.1_03212	---------------------------------------------------------
GCA_900185995.1_01009	YLGLEWKTKTVPYLGVEWRTKTVSYWFFGWHTKQVAYLAPVWKEKTIPYAVPVTLSK
GCA_900185995.1_01837	---------------------------------------------------------
GCA_900324435.1_01021	YPGLEWKTKTVPYLGLEWHTKTVSYWFFGWHTKQVAYLAPVWKEKTIPYAVPVTLSK
GCA_900538065.1_01582	YPGLEWKTKTVPYLGLEWHTKTVSYWFFGWHTKQVAYLAPVWKEKTIPYAVPVTLSK
GCA_900538065.1_01816	---------------------------------------------------------
GCA_000153945.1_00496	---------------------------------------------------------
GCA_000158115.1_01695	---------------------------------------------------------
GCA_000174235.1_01479	FFGIR---------------------------------------------------K
GCA_000176135.1_02548	---------------------------------------------------------
GCA_000176455.1_03193	---------------------------------------SLWDQKI-----------
GCA_000195475.2_02707	---------------------------------------------------------
GCA_000217675.1_01296	YPALEWRTKEVPYLGLEWRTKQVSYWFFGWHTKTVSYLAPVWKTKTIPYAVPVMKSK
GCA_000217675.1_02175	---------------------------------------------------------
GCA_000221405.1_01526	YFGIR---------------------------------------------------K
GCA_000222145.1_01216	---------------------------------------------------------
GCA_000222665.2_00543	---------------------------------------------------------
GCA_000237625.2_02433	YLGLEWKTKTVPYLGVEWRTKTVSYWFFGWHTKQVAYLAPVWKEKTIPYAVPVTLSK
GCA_000237625.2_03127	---------------------------------------------------------
GCA_000237745.2_01763	---------------------------------------------------------
GCA_000237745.2_02961	YLGLEWKTKTVPYLGVEWRTKTVSYWFFGWHTKQVAYLAPVWKEKT-----PLCRS-
GCA_000237745.2_02962	----------------------------------------------------VTLSK
GCA_000257185.1_00383	---------------------------------------------------------
GCA_000257185.1_01118	YPALEWRTKEVPYLGLEWRTKQVSYWFFGWHTKTVSYLAPVWKTKTIPYAVPVMKSK
GCA_000257205.1_01922	---------------------------------------------------------
GCA_000257205.1_01975	YPALEWRNKEVSYLGLEWRTKQVSYWFFGWHTKTVPYLAWVWKTKTIPYAVPVMKSK
GCA_000272145.2_03430	---------------------------------------------------------
GCA_000287075.2_02263	YPALEWRTKEVPYLGLEWRTKQVSYWFFGWHTKTVSYLAPVWKTKTIPYAVPVMKSK
GCA_000287095.2_00003	YPALEWRTKEVPYLGLEWRTKQVSYWFFGWHTKTVSYLAPVWKTKTIPYAVPVMKSK
GCA_000287095.2_01187	---------------------------------------------------------
GCA_000287115.2_01950	---------------------------------------------------------
GCA_000287115.2_03108	YPALEWRTKEVPYLGLEWRTKQVSYWFFGWHTKTVSYLAPVWKTKTIPYAVPVMKSK
GCA_000287155.2_00731	YPALEWRTKEVPYLGLEWRTKQVSYWFFGWHTKTVSYLAPVWKTKTIPYAVPVMKSK
GCA_000287155.2_02576	---------------------------------------------------------
GCA_000303085.1_01664	YFGIR---------------------------------------------------K
GCA_000304995.1_01604	---------------------------------------------------------
GCA_000461895.1_03264	---------------------------------------------------------
GCA_000696385.1_00044	---------------------------------------------------------
GCA_000735705.2_02948	---------------------------------------------------------
GCA_000735705.2_02949	---------------------------------------------------------
GCA_000737015.1_00468	YFGIR---------------------------------------------------K
GCA_000737015.1_00469	YPGLEWKTKTVPYLGLEWRTKTVSYWFFGWHTKQVAYLAPVWKEKTIPYAVPVTLSK
GCA_000740515.2_01620	YLGLEWKTKTVPYLGVEWRTKTVSYWFFGWHTKQVAYLAPVWKEKTIPYAVPVTLSK
GCA_000740515.2_02731	---------------------------------------------------------
GCA_000740665.1_01628	---------------------------------------------------------
GCA_000763535.1_03406	---------------------------------------------------------
GCA_000772065.1_04658	---------------------------------------------------------
GCA_000775715.1_00820	---------------------------------------------------------
GCA_000775725.1_01215	---------------------------------------------------------
GCA_000786335.1_02629	---------------------------------------------------------
GCA_000786335.1_02630	---------------------------------------------------------
GCA_000798995.1_02603	YPALEWRTKEVPYLGLEWRTKQVSYWSFGWHTKTVSYLAPVWKTKTIPYAFPVMKSK
GCA_000808535.1_01588	---------------------------------------------------------
GCA_000808555.1_01393	---------------------------------------------------------
GCA_000953755.1_02535	---------------------------------------------------------
GCA_000967465.2_04550	---------------------------------------------------------
GCA_000967495.1_03837	---------------------------------------------------------
GCA_001188205.1_03616	---------------------------------------------------------
GCA_001250195.1_00018	---------------------------------------------------------
GCA_001259555.1_00297	---------------------------------------------------------
GCA_001259555.1_00298	YLGLEWKTKTVPYLGVEWRTKTVSYWFFGWHTKQVAYLAPVWKEKTIPYAVPVTLSK
GCA_001259875.1_03244	---------------------------------------------------------
GCA_001267945.1_02207	---------------------------------------------------------
GCA_001274785.1_01251	---------------------------------------------------------
GCA_001297935.1_00122	---------------------------------------------------------
GCA_001399455.2_02440	---------------------------------------------------------
GCA_001402185.1_01961	FFGIR---------------------------------------------------K
GCA_001402255.1_02647	FFGIR---------------------------------------------------K
GCA_001402265.1_02392	FFGIR---------------------------------------------------K
GCA_001402685.1_01665	YLGLEWKTKTIPYLGLEWRTKTVSYWFFGWHTKQVAYLAPVWKEKTIPYLAPVTLSK
GCA_001402745.1_00367	---------------------------------------------------------
GCA_001402745.1_00368	---------------------------------------------------------
GCA_001402745.1_03666	YFGIR---------------------------------------------------K
GCA_001515085.1_02432	---------------------------------------------------------
GCA_001515085.1_02433	---------------------------------------------------------
GCA_001515115.1_02564	---------------------------------------------------------
GCA_001543505.1_03276	---------------------------------------------------------
GCA_001543505.1_03277	---------------------------------------------------------
GCA_001558475.2_02755	---------------------------------------------------------
GCA_001597715.2_01040	---------------------------------------------------------
GCA_001597715.2_01041	YLGLEWKTKTVPYLGVEWRTKTVSYWFFGWHTKQVAYLAPVWKEKTIPYAVPVTLSK
GCA_001660505.2_02168	---------------------------------------------------------
GCA_001660505.2_02299	YPALEWRTKEVPYLGLEWRTKQVSYWFFGWHTKTVSYLAPVWKTKTIPYAVPVMKSK
GCA_001661905.2_03806	---------------------------------------------------------
GCA_001661905.2_03807	---------------------------------------------------------
GCA_001693615.1_03938	---------------------------------------------------------
GCA_001718015.1_02131	---------------------------------------------------------
GCA_001718095.1_00352	FFGIR---------------------------------------------------K
GCA_001857455.1_01228	FFGIR---------------------------------------------------K
GCA_001857485.1_02161	FFGIR---------------------------------------------------K
GCA_001858585.1_01480	---------------------------------------------------------
GCA_001860485.1_01252	---------------------------------------------------------
GCA_001860485.1_01253	----------------------------------VAYLAPVWKEKTIPYAVPVTLSK
GCA_001899465.1_02344	---------------------------------------------------------
GCA_001989695.1_01168	YPALEWRTKEVPYLGLEWRTKQVSYWFFGWHTKTVSYLAPVWKTKTIPYAVPVMKSK
GCA_001989855.2_01234	---------------------------------------------------------
GCA_001989895.2_00968	---------------------------------------------------------
GCA_001989895.2_01137	YPALEWRTKEVPYLGLEWRTKQVSYWFFGWHTKTVSYLAPVWKTKTIPYAVPVMKSK
GCA_001989995.2_00173	YPALEWRTKEVPYLGLEWRTKQVSYWFFGWHTKTVSYLAPVWKTKTIPYAVPVMKSK
GCA_001989995.2_02911	---------------------------------------------------------
GCA_001990105.2_02377	YPALEWRTKEVPYLGLEWRTKQVSYWFFGWHTKTVSYLAPVWKTKTIPYAVPVMKSK
GCA_001997225.1_01165	YPALEWRTKEVPYLGLEWRTKQVSYWFFGWHTKTVSYLAPVWKTKTIPYAVPVMKSK
GCA_002073995.1_04199	---------------------------------------------------------
GCA_002073995.1_04200	---------------------------------------------------------
GCA_002078035.1_02859	---------------------------------------------------------
GCA_002194335.1_00324	---------------------------------------------------------
GCA_002194335.1_00325	---------------------------------------------------------
GCA_002196155.1_02842	---------------------------------------------------------
GCA_002196325.1_04477	---------------------------------------------------------
GCA_002196325.1_04479	---------------------------------------------------------
GCA_002196325.1_05535	YLGLEWKTKTVPYLGVEWRTKTVSYWFFGWHTKQVAYLAPVWKEKTIPYAVPVTLSK
GCA_002196325.1_05536	---------------------------------------------------------
GCA_002196395.1_02061	---------------------------------------------------------
GCA_002204075.1_01110	YLGLEWKTKTVPYLGVEWRTKTVSYWFFGWHTKQVAYLAPVWKEKTIPYAVPVTLSK
GCA_002204085.1_02720	---------------------------------------------------------
GCA_002211985.1_00911	---------------------------------------------------------
GCA_002212005.1_00830	---------------------------------------------------------
GCA_002212005.1_01614	YPALEWRTKEVPYLGLEWRTKQVSYWFFGWHTKTVSYLAPVWKTKTIPYAVPVMKSK
GCA_002216685.1_01732	---------------------------------------------------------
GCA_002241075.1_00462	YPALEWRTKEVPYLGLEWRTKQVSYWFFGWHTKTVSYLAPVWKTKTIPYAVPVMKSK
GCA_002241085.1_01682	YPALEWRTKEVPYLGVEWRTKQVSYWFFGWHTKTVSYLAPVWKTKTIPYAVPVMKSK
GCA_002241165.1_01821	---------------------------------------------------------
GCA_002241165.1_01943	YPALEWRTKEVPYLGLEWRTKQVSYWFFGWHTKTVSYLAPVWKTKTIPYAVPVMKSK
GCA_002241195.1_02096	YPALEWRTKEVPYLGLEWRTKQVSYWFFGWHTKTVSYLAPVWKTKTIPYAVPVMKSK
GCA_002241235.1_00191	---------------------------------------------------------
GCA_002241235.1_02129	YPALEWRTKEVPYLGLEWRTKQVSYWFFGWHTKTVSYLAPVWKTKTIPYAVPVMKSK
GCA_002241265.1_01514	---------------------------------------------------------
GCA_002241265.1_01753	YPALEWRTKEVPYLGLEWRTKQVSYWFFGWHTKTVSYLAPVWKTKTIPYAVPVMKSK
GCA_002241275.1_01405	YPALEWRTKEVPYLGLEWRTKQVSYWFFGWHTKTVSYLAPVWKTKTIPYAVPVMKSK
GCA_002241335.1_03357	YPALEWRTKEVPYLGLEWRTKQVSYWSFGWHTKTVSYLAPVWKTKTIPYAFPVMKSK
GCA_002241375.1_00605	YPALEWRTKEVPYLGLEWRTKQVSYWFFGWHTKTVSYLAPVWKTKTIPYAVPVMKSK
GCA_002241375.1_01267	---------------------------------------------------------
GCA_002257545.1_00935	YPALEWRTKEVPYLGLEWRTKQVSYWFFGWHTKTVSYLAPVWKTKTIPYAVAVMKSK
GCA_002284125.1_00765	YPGLEWKTKTVPYLGVEWRTKTVSYWFFGWHTKQVAYLAPVWKEKTIPYAVPVTLSK
GCA_002284155.1_01647	FFGIR---------------------------------------------------K
GCA_002284205.1_02264	FFGIR---------------------------------------------------K
GCA_002284395.1_01287	FFGIR---------------------------------------------------K
GCA_002284475.1_03111	FFGIR---------------------------------------------------K
GCA_002284495.1_01762	FFGIR---------------------------------------------------K
GCA_002286405.1_01134	---------------------------------------------------------
GCA_002286655.1_04655	---------------------------------------------------------
GCA_002287625.1_02609	---------------------------------------------------------
GCA_002310335.1_00989	---------------------------------------------------------
GCA_002310335.1_01114	YPALEWRTKEVPYLGLEWRTKQVSYWFFGWHTKTVSYLAPVWKTKTIPYAVPVMKSK
GCA_002742585.1_02936	---------------------------------------------------------
GCA_002911455.1_01168	---------------------------------------------------------
GCA_002911455.1_01169	---------------------------------------------------------
GCA_002995435.1_03057	YPALEWRTKEVPYLGLEWRTKQVSYWFFGWHTKTVSYLAPVWKTKTIPYAVPVMKSK
GCA_003056705.1_02310	---------------------------------------------------------
GCA_003056705.1_02311	---------------------------------------------------------
GCA_003057015.1_02893	---------------------------------------------------------
GCA_003057015.1_02894	---------------------------------------------------------
GCA_003260135.1_01089	FFGIR---------------------------------------------------K
GCA_003311755.1_03548	---------------------------------------------------------
GCA_003311805.1_00721	---------------------------------------------------------
GCA_003311965.1_02916	FFGIR---------------------------------------------------K
GCA_003311975.1_00209	YFGIR---------------------------------------------------K
GCA_003312005.1_00821	FFGIR---------------------------------------------------K
GCA_003312065.1_01628	FFGIR---------------------------------------------------K
GCA_003312095.1_01402	FFGIR---------------------------------------------------K
GCA_003318175.1_01734	---------------------------------------------------------
GCA_003347725.1_02944	FFGIR---------------------------------------------------K
GCA_003347835.1_01569	FFGIR---------------------------------------------------K
GCA_003347905.1_02629	FFGIR---------------------------------------------------K
GCA_003347915.1_01708	---------------------------------------------------------
GCA_003348095.1_01215	FFGIR---------------------------------------------------K
GCA_003348235.1_01668	FFGIR---------------------------------------------------K
GCA_003348415.1_01938	FFGIR---------------------------------------------------K
GCA_003348735.1_03111	FFGIR---------------------------------------------------K
GCA_003348755.1_03144	FFGIR---------------------------------------------------K
GCA_003349155.1_00957	---------------------------------------------------------
GCA_003349155.1_02036	FFGIR---------------------------------------------------K
GCA_003349215.1_01115	YLGLEWKTKTVPYLGLEWRTKTVSYWFFGWHTKQVAYLAPVWKEKTIPYAVPVTLSK
GCA_003349215.1_02252	---------------------------------------------------------
GCA_003349265.1_01523	---------------------------------------------------------
GCA_003349495.1_00900	FFGIR---------------------------------------------------K
GCA_003349525.1_01265	FFGIR---------------------------------------------------K
GCA_003349685.1_00376	YLGLEWKTKTVPYLGLEWRTKTVSYWFFGWHTKQVAYLAPVWKEKTIPYAVPVTLSK
GCA_003349725.1_02317	---------------------------------------------------------
GCA_003449075.1_03221	---------------------------------------------------------
GCA_003449075.1_03344	---------------------------------------------------------
GCA_003585385.1_02177	YFGIR---------------------------------------------------K
GCA_003585385.1_02929	---------------------------------------------------------
GCA_003585535.1_03069	YLGLEWKTKTVPYLGVEWRTKTVSYWFFGWHTKQVAYFAPVWKE-------------
GCA_003585535.1_03070	----------------------------------------------------VTLSK
GCA_003594945.1_02115	FFGIR---------------------------------------------------K
GCA_003595585.1_01830	YPALEWRTKEVPYLGLEWRTKQVSYWFFGWHTKTVSYLAPVWKTKTIPYAVPVMKSK
GCA_003709525.1_03040	YPALEWRTKEVPYLGLEWRTKQVSYWFFGSHTKTVSYLAPVWKTKTIPYAVPVMKSK
GCA_003716425.1_01353	FFGIR---------------------------------------------------K
GCA_003716465.1_00383	FFGIR---------------------------------------------------K
GCA_003716505.1_00966	FFGIR---------------------------------------------------K
GCA_004801035.1_02608	---------------------------------------------------------
GCA_005146325.1_00879	---------------------------------------------------------
GCA_005636015.1_02252	YNVLEWKTKTVPYLGLEWRHKTISYWFFGWRTKQVPYLAPVWKQKTIPYAVPVTLSK
GCA_005636015.1_03120	---------------------------------------------------------
GCA_005636045.1_00423	YLGLEWKTKTVPYLGLEWRTKTVSYWFFGWHTKQVAYLAPVWKEKTIPYAVPVTLSK
GCA_005636045.1_00424	FFGIR---------------------------------------------------K
GCA_005636065.1_03533	YNVLEWKTKTVPYLGLEWRHKTISYWFFGWRTKQVPYLAPVWKQKTIPYAVPVTLSK
GCA_005636115.1_00424	FFGIR---------------------------------------------------K
GCA_005636125.1_00423	YLGLEWKTKTVPYLGLEWRTKTVSYWFFGWHTKQVAYLAPVWKEKTIPYAVPVTLSK
GCA_005636125.1_00424	FFGIR---------------------------------------------------K
GCA_005636155.1_00585	YLGLEWKTKTVPYLGLEWRTKTVSYWFFGWHTKQVAYLAPVWKEKTIPYAVPVTLSK
GCA_005636165.1_00593	FFGIR---------------------------------------------------K
GCA_005636165.1_00594	YLGLEWKTKTVPYLGLEWRTKTVSYWFFGWHTKQVAYLAPVWKEKTIPYAVPVTLSK
GCA_006802145.1_02374	FFGIR---------------------------------------------------K
GCA_006802245.1_01959	YLGLEWKTKTVPYLGLEWRTKTVSYWFFGWHTKQVAYLAPVWKEKTIPYAVPVTLSK
GCA_006802245.1_01960	FFGIR---------------------------------------------------K
GCA_006802295.1_02347	FFGIR---------------------------------------------------K
GCA_006802375.1_03475	FFGIR---------------------------------------------------K
GCA_006802395.1_02698	FFGIR---------------------------------------------------K
GCA_006802485.1_02090	FFGIR---------------------------------------------------K
GCA_006802575.1_00540	FFGIR---------------------------------------------------K
GCA_006802595.1_03181	FFGIR---------------------------------------------------K
GCA_006802655.1_01770	FFGIR---------------------------------------------------K
GCA_006802795.1_01782	FFGIR---------------------------------------------------K
GCA_006802815.1_01741	FFGIR---------------------------------------------------K
GCA_006803025.1_02974	FFGIR---------------------------------------------------K
GCA_006803035.1_01904	FFGIR---------------------------------------------------K
GCA_006803105.1_00685	FFGIR---------------------------------------------------K
GCA_008083255.1_00980	FFGIR---------------------------------------------------K
GCA_008083415.1_00790	FFGIR---------------------------------------------------K
GCA_008083715.1_02408	FFGIR---------------------------------------------------K
GCA_008083875.1_01970	FFGIR---------------------------------------------------K
GCA_008084635.1_02757	---------------------------------------------------------
GCA_008084635.1_02758	---------------------------------------------------------
GCA_008084855.1_00316	FFGIR---------------------------------------------------K
GCA_008085635.1_01380	FFGIR---------------------------------------------------K
GCA_008269365.1_02619	---------------------------------------------------------
GCA_008269365.1_02620	---------------------------------------------------------
GCA_008369465.1_00288	FFGIR---------------------------------------------------K
GCA_008370545.1_02652	---------------------------------------------------------
GCA_009665255.1_00824	YLGLEWKTKTIPYLGFEWRTKTVSYWFFGWHTKQVAYLAPVWKEKTIPYLAPVTLSK
GCA_009763105.1_02891	---------------------------------------------------------
GCA_009763105.1_02892	---------------------------------------------------------
GCA_009763865.1_00759	---------------------------------------------------------
GCA_009811315.1_01086	---------------------------------------------------------
GCA_009811335.1_01978	---------------------------------------------------------
GCA_009898195.1_01523	YFGIR---------------------------------------------------K
GCA_009904995.1_00041	---------------------------------------------------------
GCA_011090235.1_00612	---------------------------------------------------------
GCA_011212705.1_03717	---------------------------------------------------------
GCA_011306175.1_02119	YPSFEWKTKTISYLDFEWQSKTVSYWLFGWHTKQVSYLAPVWKEKTISYPVPVMLSK
GCA_011806575.1_03137	---------------------------------------------------------
GCA_013048585.1_00629	YPALEWRTKEVPYLGLEWRTKQVSYWFFGWHTKTVSYLAPVWKTKTIPYAVPVMKSK
GCA_013048585.1_01736	---------------------------------------------------------
GCA_013048635.1_00106	---------------------------------------------------------
GCA_013048725.1_02557	YPALEWRTKEVPYLGLEWRTKQVSYWFFGWHTKTVSYLAPVWKTKTIPYAVPVMKSK
GCA_013048735.1_02784	YPALEWRTKEVPYLGLEWRTKQVSYWFFGWHTKTVSYLAPVWKTKTIPYAVPVMKSK
GCA_013111195.1_02871	YLGLEWKTKTVPYLGLEWRTKTVSYWFFGWHTKQVAYLAPVWKEKTIPYAVPVTLSK
GCA_013113815.1_00923	---------------------------------------------------------
GCA_013113825.1_01597	YPALEWRTKEVPYLGLEWRTKQVSYWFFGWHTKTVSYLAPVWKTKTIPYAVPVMKSK
GCA_013113835.1_02801	---------------------------------------------------------
GCA_013113905.1_02887	---------------------------------------------------------
GCA_013114105.1_01083	---------------------------------------------------------
GCA_013114135.1_01105	---------------------------------------------------------
GCA_013114385.1_04579	---------------------------------------------------------
GCA_013114685.1_00902	---------------------------------------------------------
GCA_013155105.1_06224	------------------------------------------ERETIPYAVPVRLSK
GCA_013214045.1_04243	---------------------------------------------------------
GCA_013266555.1_03298	---------------------------------------------------------
GCA_013266565.1_01203	---------------------------------------------------------
GCA_013266605.1_02830	---------------------------------------------------------
GCA_013266615.1_03714	---------------------------------------------------------
GCA_013357725.1_00975	FFGIR---------------------------------------------------K
GCA_013357745.1_00979	FFGIR---------------------------------------------------K
GCA_013357765.1_00973	FFGIR---------------------------------------------------K
GCA_013357785.1_00976	FFGIR---------------------------------------------------K
GCA_013357825.1_01004	FFGIR---------------------------------------------------K
GCA_013364385.1_04452	---------------------------------------------------------
GCA_013373305.1_01077	---------------------------------------------------------
GCA_014281135.1_01151	FFGIR---------------------------------------------------K
GCA_014634265.1_01556	---------------------------------------------------------
GCA_014634265.1_01557	---------------------------------------------------------
GCA_014634385.1_02641	YLGLEWKTKTVPYLGVEWRTKTVSYWFFGWHTKQVAYLAPVWKEKTIPYAVPVTLSK
GCA_015342905.1_00711	---------------------------------------------------------
GCA_015342905.1_03902	YPALEWRTKEVPYLGLEWRTKQVSYWFFGWHTKTVSYLAPVWKTKTIPYAVPVMKSK
GCA_015343015.1_00016	---------------------------------------------------------
GCA_015343015.1_02059	YPALEWRTKEVPYLGLEWRTKQVSYWFFGWHTKTVSYLAPVWKTKTIPYAVPVMKSK
GCA_015343425.1_01588	YPALEWRTKEVPYLGLEWRTKQVSYWFFGWHTKTVSYLAPVWKTKTIPYAVPVMKSK
GCA_016456845.1_01255	FFGIR---------------------------------------------------K
GCA_016456905.1_01290	FFGIR---------------------------------------------------K
GCA_016456915.1_01851	FFGIR---------------------------------------------------K
GCA_016456925.1_01084	FFGIR---------------------------------------------------K
GCA_016457045.1_02124	FFGIR---------------------------------------------------K
GCA_016457205.1_02106	FFGIR---------------------------------------------------K
GCA_017051655.1_00778	---------------------------------------------------------
GCA_017051755.1_00292	---------------------------------------------------------
GCA_017169515.1_00973	YFGIR---------------------------------------------------K
GCA_017169525.1_01956	YFGIR---------------------------------------------------K
GCA_017169545.1_00483	YFGIR---------------------------------------------------K
GCA_017426745.1_02728	---------------------------------------------------------
GCA_017426905.1_00889	FFGIR---------------------------------------------------K
GCA_019092625.1_00089	FFGIR---------------------------------------------------K
GCA_019092705.1_01747	FFGIR---------------------------------------------------K
GCA_019092825.1_01519	FFGIR---------------------------------------------------K
GCA_019092945.1_00405	FFGIR---------------------------------------------------K
GCA_019093035.1_01647	FFGIR---------------------------------------------------K
GCA_019093085.1_01670	FFGIR---------------------------------------------------K
GCA_019339365.1_04096	---------------------------------------------------------
GCA_019339365.1_04097	---------------------------------------------------------
GCA_019504425.1_01789	---------------------------------------------------------
GCA_019846205.1_01589	YPALEWRTKEVPYLGLEWRTKQVSYWSFGWHTKTVSYLAPVWKTKTIPYAFPVMKSK
GCA_020686745.1_02258	---------------------------------------------------------
GCA_020782075.1_00456	---------------------------------------------------------
GCA_021014515.1_02891	FFGIR---------------------------------------------------K
GCA_021014645.1_01127	FFGIR---------------------------------------------------K
GCA_021014825.1_00377	FFGIR---------------------------------------------------K
GCA_021166895.1_02801	FFGIR---------------------------------------------------K
GCA_021166915.1_02497	FFGIR---------------------------------------------------K
GCA_021166975.1_00918	FFGIR---------------------------------------------------K
GCA_022397495.1_02186	---------------------------------------------------------
GCA_022397595.1_00184	---------------------------------------------------------
GCA_022398025.1_00245	---------------------------------------------------------
GCA_022398095.1_00483	---------------------------------------------------------
GCA_022398215.1_00986	---------------------------------------------------------
GCA_023716545.1_04240	---------------------------------------------------------
GCA_023955485.1_01098	---------------------------------------------------------
GCA_023955485.1_01099	---------------------------------------------------------
GCA_024105975.1_03058	YFGIR---------------------------------------------------K
GCA_024106015.1_02375	YFGIR---------------------------------------------------K
GCA_024347395.1_02036	---------------------------------------------------------
GCA_024743535.1_02281	FFGIR---------------------------------------------------K
GCA_024743545.1_00251	FFGIR---------------------------------------------------K
GCA_024743775.1_00819	---------------------------------------------------------
GCA_024745065.1_01023	FFGIR---------------------------------------------------K
GCA_024746925.1_01709	FFGIR---------------------------------------------------K
GCA_024748415.1_01282	YPALEWRTKEVPYLGLEWRTKQVSYWFFGWHTKTVSYLAPVWKTKTIPYAVPVMKSK
GCA_900538065.1_01583	YFGIR---------------------------------------------------K
GCA_902810005.1_00561	FFGIR---------------------------------------------------K
GCA_944738745.1_00209	---------------------------------------------------------
GCA_944739605.1_00285	---------------------------------------------------------
