GCA_006372455.1_01803	Not_in_prophage
GCA_003186355.1_00055	Not_in_prophage
GCA_000491395.1_03940	Not_in_prophage
GCA_006371355.1_00949	Not_in_prophage
GCA_006372405.1_01461	Not_in_prophage
GCA_006374735.1_02764	Not_in_prophage
GCA_016132465.1_04519	Not_in_prophage
GCA_022290635.1_02556	Not_in_prophage
GCA_022397635.1_03572	Not_in_prophage
GCA_006375555.1_01785	Not_in_prophage
GCA_001727545.1_03432	Not_in_prophage
GCA_006372095.1_02186	Not_in_prophage
GCA_019271155.1_03664	Not_in_prophage
GCA_000430425.1_04644	Same_contig
GCA_006377285.1_03163	Not_in_prophage
GCA_019271475.1_03631	Not_in_prophage
GCA_006377565.1_02471	Not_in_prophage
GCA_009991665.1_01306	Not_in_prophage
GCA_006372535.1_00055	Not_in_prophage
GCA_001726775.1_04008	Not_in_prophage
GCA_002150175.1_00386	Same_contig
GCA_024745355.1_03239	Not_in_prophage
GCA_006374245.1_01080	Not_in_prophage
GCA_006373365.1_00180	Not_in_prophage
GCA_000347495.1_01307	Not_in_prophage
GCA_024181925.1_02640	Not_in_prophage
GCA_000489435.1_00648	Not_in_prophage
GCA_001726855.1_00914	Not_in_prophage
GCA_006369355.1_02905	Not_in_prophage
GCA_006371455.1_00055	Not_in_prophage
GCA_023206515.1_03283	Same_contig
GCA_022290755.1_02495	Not_in_prophage
GCA_006369205.1_03483	Not_in_prophage
GCA_006372085.1_01024	Not_in_prophage
GCA_009647705.1_03358	Not_in_prophage
GCA_021890295.1_01503	Same_contig
GCA_001609435.1_04197	Not_in_prophage
GCA_019271575.1_03601	Not_in_prophage
GCA_001913695.1_02807	Not_in_prophage
GCA_000489135.1_00993	Not_in_prophage
GCA_000489175.1_00374	Not_in_prophage
GCA_001268045.1_01315	Not_in_prophage
GCA_022290935.1_01554	Not_in_prophage
GCA_008757025.1_01883	Same_contig
GCA_006372365.1_00567	Not_in_prophage
GCA_000489055.1_03246	Not_in_prophage
GCA_001726275.1_00793	Not_in_prophage
GCA_006375495.1_01248	Not_in_prophage
GCA_001609175.1_02860	Not_in_prophage
GCA_006371845.1_02170	Not_in_prophage
GCA_006375195.1_01627	Not_in_prophage
GCA_006369475.1_03689	Not_in_prophage
GCA_012956505.1_01720	Not_in_prophage
GCA_002153945.1_02346	Not_in_prophage
GCA_001696215.1_00957	Not_in_prophage
GCA_001268005.1_03006	Not_in_prophage
GCA_006373115.1_01209	Not_in_prophage
GCA_000489935.1_01416	Not_in_prophage
GCA_006378835.1_02379	Not_in_prophage
GCA_020741185.1_03674	Not_in_prophage
GCA_000491815.1_04084	Not_in_prophage
GCA_006371565.1_00355	Not_in_prophage
GCA_006376905.1_01795	Not_in_prophage
GCA_000489235.1_00852	Not_in_prophage
GCA_001726565.1_01533	Not_in_prophage
GCA_000491855.1_04149	Not_in_prophage
GCA_000489515.1_00626	Not_in_prophage
GCA_000707165.1_00483	Not_in_prophage
GCA_000490255.1_00994	Not_in_prophage
GCA_001700835.1_03276	Not_in_prophage
GCA_008039225.1_03145	Not_in_prophage
GCA_006382645.1_01566	Not_in_prophage
GCA_000491755.1_04293	Not_in_prophage
GCA_008271865.1_00394	Not_in_prophage
GCA_000489635.1_01108	Not_in_prophage
GCA_001609055.1_02779	Not_in_prophage
GCA_006370715.1_03929	Not_in_prophage
GCA_000489675.1_00686	Not_in_prophage
GCA_000491775.1_04522	Not_in_prophage
GCA_006374465.1_01530	Not_in_prophage
GCA_006369075.1_03016	Not_in_prophage
GCA_019271295.1_03618	Not_in_prophage
GCA_014705665.1_03033	Not_in_prophage
GCA_905331605.1_02557	Not_in_prophage
GCA_006517795.1_04896	Same_contig
GCA_017313545.1_01203	Not_in_prophage
GCA_002018645.1_01761	Not_in_prophage
GCA_001728215.1_03207	Not_in_prophage
GCA_006378675.1_01240	Not_in_prophage
GCA_905331865.1_00055	Not_in_prophage
GCA_006382855.1_02298	Not_in_prophage
GCA_016132485.1_04469	Same_contig
GCA_001728045.1_00752	Not_in_prophage
GCA_001727125.1_01867	Not_in_prophage
GCA_022290595.1_00228	Not_in_prophage
GCA_006372015.1_01451	Not_in_prophage
GCA_000490415.1_01319	Not_in_prophage
GCA_002114605.1_03518	Not_in_prophage
GCA_006370785.1_01379	Not_in_prophage
GCA_001728375.1_00198	Not_in_prophage
GCA_006382755.1_00055	Not_in_prophage
GCA_001696145.1_00054	Not_in_prophage
GCA_000454165.1_03858	Not_in_prophage
GCA_006374225.1_00786	Not_in_prophage
GCA_019271075.1_03656	Not_in_prophage
GCA_002221015.1_04338	Not_in_prophage
GCA_000500465.1_03119	Not_in_prophage
GCA_001609715.1_03136	Not_in_prophage
GCA_006371915.1_04046	Not_in_prophage
GCA_006375045.1_03947	Not_in_prophage
GCA_014396905.1_00054	Not_in_prophage
GCA_006374955.1_04068	Not_in_prophage
GCA_024745955.1_00930	Not_in_prophage
GCA_002504185.1_04324	Same_contig
GCA_019271675.1_00772	Not_in_prophage
GCA_006372145.1_03371	Not_in_prophage
GCA_019273735.1_03657	Not_in_prophage
GCA_006372885.1_00908	Not_in_prophage
GCA_000489555.1_01153	Not_in_prophage
GCA_002880415.1_01497	Same_contig
GCA_000707165.1_00482	Not_in_prophage
GCA_006372855.1_02921	Not_in_prophage
GCA_014836295.1_05323	Not_in_prophage
GCA_000500385.1_03267	Not_in_prophage
GCA_000732245.1_02617	Not_in_prophage
GCA_002144645.1_03636	Not_in_prophage
GCA_000706925.1_04974	Not_in_prophage
GCA_000732245.1_02616	Not_in_prophage
GCA_000522005.2_00647	Not_in_prophage
GCA_000182345.1_00525	Not_in_prophage
GCA_000707345.1_02779	Not_in_prophage
GCA_000490775.1_04084	Not_in_prophage
GCA_000491495.1_04424	Not_in_prophage
GCA_000490515.1_00828	Not_in_prophage
GCA_006371435.1_00656	Not_in_prophage
GCA_000490335.1_01021	Not_in_prophage
GCA_000707405.1_04298	Not_in_prophage
GCA_000707345.1_02780	Not_in_prophage
GCA_000500385.1_03266	Not_in_prophage
GCA_014836295.1_01183	Not_in_prophage
GCA_024746235.1_01328	Not_in_prophage
GCA_000707145.1_02918	Not_in_prophage
GCA_001758605.1_03110	Not_in_prophage
GCA_004324675.1_02581	Not_in_prophage
GCA_000491795.1_00860	Not_in_prophage
GCA_019271095.1_03617	Not_in_prophage
GCA_000489875.1_00064	Not_in_prophage
GCA_002153975.1_02406	Same_contig
GCA_019271535.1_03671	Not_in_prophage
GCA_001728725.1_00954	Not_in_prophage
GCA_000388025.1_00501	Not_in_prophage
GCA_004121085.1_01946	Not_in_prophage
GCA_006373675.1_04092	Not_in_prophage
GCA_000491335.1_01100	Not_in_prophage
GCA_000490075.1_00435	Not_in_prophage
GCA_000490275.1_02105	Not_in_prophage
GCA_000492095.1_00572	Not_in_prophage
GCA_006371345.1_00059	Not_in_prophage
GCA_006374915.1_00485	Not_in_prophage
GCA_000489975.1_03208	Not_in_prophage
GCA_006369645.1_02179	Not_in_prophage
GCA_000454475.1_00559	Not_in_prophage
GCA_000491215.1_03365	Not_in_prophage
GCA_001726695.1_00982	Not_in_prophage
GCA_006371585.1_01896	Not_in_prophage
GCA_024748355.1_04599	Not_in_prophage
GCA_006372445.1_02481	Not_in_prophage
GCA_001268015.1_02748	Not_in_prophage
GCA_006377145.1_04154	Not_in_prophage
GCA_006368365.1_03844	Not_in_prophage
GCA_000732995.1_00543	Not_in_prophage
GCA_001727105.1_02402	Not_in_prophage
GCA_006372565.1_02381	Not_in_prophage
GCA_006371865.1_01762	Not_in_prophage
GCA_000972025.1_03952	Not_in_prophage
GCA_000878565.1_03581	Not_in_prophage
GCA_905331595.1_00721	Not_in_prophage
GCA_000195415.2_00728	Not_in_prophage
GCA_006371495.1_00757	Not_in_prophage
GCA_006371395.1_01234	Not_in_prophage
GCA_002150315.1_01996	Not_in_prophage
GCA_002221145.1_00701	Not_in_prophage
GCA_905331645.1_00631	Not_in_prophage
GCA_000500545.1_01083	Not_in_prophage
GCA_006383265.1_00059	Same_contig
GCA_004324525.1_00056	Same_contig
GCA_000489035.1_01071	Not_in_prophage
GCA_000477475.1_00142	Not_in_prophage
GCA_001267655.1_02519	Same_contig
GCA_006372615.1_03640	Not_in_prophage
GCA_000958585.1_02008	Not_in_prophage
GCA_024747105.1_00776	Not_in_prophage
GCA_006375455.1_01093	Not_in_prophage
GCA_001727995.1_00773	Same_contig
GCA_006368235.1_02745	Not_in_prophage
GCA_000489015.1_00860	Not_in_prophage
GCA_002154015.1_01218	Same_contig
GCA_006368945.1_02243	Not_in_prophage
GCA_006374285.1_01594	Same_contig
GCA_913062945.1_02442	Not_in_prophage
GCA_002072975.1_03159	Not_in_prophage
GCA_006373325.1_01954	Not_in_prophage
GCA_019271015.1_03616	Not_in_prophage
GCA_006371955.1_04140	Not_in_prophage
GCA_000707145.1_02917	Not_in_prophage
GCA_012275705.1_04186	Not_in_prophage
GCA_006373625.1_00676	Not_in_prophage
GCA_004121225.1_02553	Not_in_prophage
GCA_000489115.1_01675	Not_in_prophage
GCA_006369105.1_01418	Not_in_prophage
GCA_006373175.1_00974	Not_in_prophage
GCA_000706985.2_03299	Same_contig
GCA_000500485.1_03348	Not_in_prophage
GCA_000491715.1_03614	Not_in_prophage
GCA_000491595.1_02925	Not_in_prophage
GCA_006373935.1_00716	Not_in_prophage
GCA_006368755.1_00055	Not_in_prophage
GCA_000182365.1_01353	Not_in_prophage
GCA_006369195.1_03179	Not_in_prophage
GCA_006373515.1_02799	Not_in_prophage
GCA_006375035.1_00338	Not_in_prophage
GCA_006373505.1_00055	Not_in_prophage
GCA_002150185.1_02198	Not_in_prophage
GCA_900682685.1_03722	Not_in_prophage
GCA_001267595.1_03391	Not_in_prophage
GCA_000491155.1_02446	Not_in_prophage
GCA_006377455.1_02941	Not_in_prophage
GCA_905331965.1_02706	Not_in_prophage
GCA_013393845.1_04596	Not_in_prophage
GCA_019271035.1_03595	Not_in_prophage
GCA_000490095.1_03928	Not_in_prophage
GCA_006374345.1_00015	Not_in_prophage
GCA_019271135.1_03634	Not_in_prophage
GCA_000489075.1_00276	Not_in_prophage
GCA_022397605.1_01543	Not_in_prophage
GCA_006372625.1_03199	Not_in_prophage
GCA_000315135.1_00059	Not_in_prophage
GCA_017313735.1_04405	Not_in_prophage
GCA_001695935.1_02474	Not_in_prophage
GCA_006368925.1_01591	Not_in_prophage
GCA_002150155.1_02958	Not_in_prophage
GCA_006376835.1_00885	Not_in_prophage
GCA_001608855.1_04017	Not_in_prophage
GCA_004522045.1_01897	Not_in_prophage
GCA_006378615.1_00875	Not_in_prophage
GCA_905331955.1_00055	Not_in_prophage
GCA_001727845.1_02268	Not_in_prophage
GCA_022352305.1_01949	Not_in_prophage
GCA_000591475.1_00260	Not_in_prophage
GCA_024746975.1_01907	Not_in_prophage
GCA_024746655.1_04420	Not_in_prophage
GCA_009991765.1_02145	Not_in_prophage
GCA_000786855.1_01366	Not_in_prophage
GCA_019271255.1_03662	Not_in_prophage
GCA_001280705.1_05033	Not_in_prophage
GCA_001921805.1_00319	Same_contig
GCA_022802295.1_02135	Not_in_prophage
GCA_000591555.1_03552	Not_in_prophage
GCA_024746475.1_00656	Not_in_prophage
GCA_006370595.1_02534	Not_in_prophage
GCA_006371795.1_01182	Not_in_prophage
GCA_006377375.1_01557	Not_in_prophage
GCA_006372165.1_04170	Not_in_prophage
GCA_022290535.1_01689	Not_in_prophage
GCA_006373045.1_04157	Not_in_prophage
GCA_000491635.1_00191	Not_in_prophage
GCA_000662375.1_00754	Not_in_prophage
GCA_014833025.1_04031	Not_in_prophage
GCA_002072985.1_04584	Not_in_prophage
GCA_009763545.1_03797	Same_contig
GCA_006368705.1_03896	Not_in_prophage
GCA_006372905.1_01531	Not_in_prophage
GCA_008039905.1_01516	Not_in_prophage
GCA_024530955.1_03597	Not_in_prophage
GCA_000489815.1_03466	Not_in_prophage
GCA_006372185.1_01505	Not_in_prophage
GCA_001727155.1_03589	Not_in_prophage
GCA_006372545.1_01014	Not_in_prophage
GCA_000775715.1_03101	Not_in_prophage
GCA_024745225.1_03980	Not_in_prophage
GCA_001951115.1_02887	Not_in_prophage
GCA_001890545.1_02666	Not_in_prophage
GCA_002903555.1_03045	Not_in_prophage
GCA_017290475.1_00474	Not_in_prophage
GCA_020251965.1_00213	Same_contig
GCA_022289235.1_00227	Not_in_prophage
GCA_004324505.1_04543	Not_in_prophage
GCA_000743165.1_00691	Same_contig
GCA_000743155.1_01439	Not_in_prophage
GCA_000959765.1_02713	Not_in_prophage
GCA_002903545.1_01174	Not_in_prophage
GCA_004215235.1_02210	Not_in_prophage
GCA_004215095.1_01268	Not_in_prophage
GCA_001471305.2_03246	Same_contig
GCA_002265325.1_01766	Not_in_prophage
GCA_004215315.1_02701	Not_in_prophage
GCA_000967055.1_01331	Not_in_prophage
GCA_002903265.1_03732	Not_in_prophage
GCA_022289275.1_00612	Not_in_prophage
GCA_000959745.1_03017	Not_in_prophage
GCA_002265345.1_03265	Not_in_prophage
GCA_020252165.1_00518	Not_in_prophage
GCA_002891685.1_04202	Not_in_prophage
GCA_001889185.1_02176	Not_in_prophage
GCA_002073055.1_04064	Not_in_prophage
GCA_001889185.1_02175	Not_in_prophage
GCA_000959835.1_01785	Same_contig
GCA_004214575.1_01540	Not_in_prophage
GCA_009764115.1_03276	Not_in_prophage
GCA_013369385.1_03341	Not_in_prophage
GCA_000959775.1_01070	Not_in_prophage
GCA_004214675.1_01150	Not_in_prophage
GCA_020252155.1_00386	Not_in_prophage
GCA_004214765.1_00823	Not_in_prophage
GCA_022289575.1_03688	Not_in_prophage
GCA_020252285.1_00488	Not_in_prophage
GCA_016094295.1_01734	Not_in_prophage
GCA_022808475.1_01477	Same_contig
GCA_002117205.1_04384	Not_in_prophage
GCA_000959755.1_02582	Not_in_prophage
GCA_000959825.1_02866	Not_in_prophage
GCA_000186585.1_04301	Same_contig
GCA_022376335.1_00536	Not_in_prophage
GCA_003798485.1_03958	Not_in_prophage
GCA_003071965.1_01909	Not_in_prophage
GCA_020252265.1_03512	Not_in_prophage
GCA_004215105.1_01114	Not_in_prophage
GCA_017290755.1_02571	Not_in_prophage
GCA_013369375.1_04000	Not_in_prophage
GCA_020252125.1_00161	Not_in_prophage
GCA_004215015.1_02227	Not_in_prophage
GCA_015351355.1_01466	Not_in_prophage
GCA_003072055.1_03444	Not_in_prophage
GCA_017291175.1_04012	Not_in_prophage
GCA_003072025.1_01437	Not_in_prophage
GCA_004214565.1_03202	Not_in_prophage
GCA_022808515.1_01828	Same_contig
GCA_013369285.1_00993	Not_in_prophage
GCA_000009745.1_04430	Same_contig
GCA_003072005.1_00232	Not_in_prophage
GCA_017291195.1_03814	Not_in_prophage
GCA_022289315.1_00365	Not_in_prophage
GCA_022808495.1_00741	Not_in_prophage
GCA_001890625.1_00980	Not_in_prophage
GCA_020169635.1_01400	Not_in_prophage
GCA_001890655.1_03268	Not_in_prophage
GCA_020252105.1_03159	Not_in_prophage
GCA_002903785.1_04205	Not_in_prophage
GCA_020169625.1_01937	Not_in_prophage
GCA_002903465.1_04178	Not_in_prophage
GCA_017291295.1_04370	Not_in_prophage
GCA_000342305.2_05041	Not_in_prophage
GCA_001890565.1_00595	Not_in_prophage
GCA_021852965.1_00953	Not_in_prophage
GCA_024745695.1_00302	Not_in_prophage
GCA_020252305.1_00109	Not_in_prophage
GCA_012275045.1_04423	Not_in_prophage
GCA_022289475.1_00322	Not_in_prophage
GCA_001433435.1_04327	Not_in_prophage
GCA_017291165.1_04531	Not_in_prophage
GCA_022289285.1_00321	Not_in_prophage
GCA_014107515.1_04224	Same_contig
GCA_014525285.1_00850	Same_contig
GCA_000746665.1_04403	Same_contig
GCA_001890585.1_00522	Not_in_prophage
GCA_001890485.1_00483	Not_in_prophage
GCA_004215005.1_04022	Not_in_prophage
GCA_009758215.1_02141	Not_in_prophage
GCA_004214475.1_02032	Not_in_prophage
GCA_900143745.1_04860	Not_in_prophage
GCA_001506075.1_01023	Same_contig
GCA_024346755.1_04490	Same_contig
GCA_014525125.1_03281	Same_contig
GCA_024346755.1_02302	Same_contig
GCA_024346755.1_03765	Same_contig
GCA_001558515.2_00649	Not_in_prophage
GCA_024529975.1_01396	Same_contig
GCA_015686695.1_03409	Same_contig
GCA_000711805.1_02001	Not_in_prophage
GCA_024529975.1_01273	Same_contig
GCA_024529975.1_04891	Same_contig
GCA_017291075.1_03957	Not_in_prophage
GCA_900130105.1_00032	Not_in_prophage
GCA_024347055.1_03774	Not_in_prophage
GCA_002196515.1_00689	Same_contig
GCA_024346995.1_03214	Not_in_prophage
GCA_024347055.1_03814	Not_in_prophage
GCA_001013325.1_02131	Same_contig
GCA_014083925.1_01123	Same_contig
GCA_020216145.1_01286	Not_in_prophage
GCA_001547935.1_01201	Same_contig
GCA_020216145.1_04551	Not_in_prophage
GCA_024346955.1_02118	Same_contig
GCA_001547935.1_01221	Same_contig
GCA_024346955.1_01202	Same_contig
GCA_900100015.1_04546	Not_in_prophage
GCA_023920225.1_01039	Same_contig
GCA_004214375.1_01793	Not_in_prophage
GCA_009874545.1_03542	Not_in_prophage
GCA_024529975.1_04975	Same_contig
GCA_001547935.1_03307	Not_in_prophage
GCA_019226825.1_04010	Not_in_prophage
GCA_024347055.1_01800	Same_contig
GCA_024346955.1_00647	Same_contig
GCA_024347115.1_02078	Same_contig
GCA_000711805.1_00504	Not_in_prophage
GCA_009874545.1_03477	Not_in_prophage
GCA_001506075.1_02468	Same_contig
GCA_024347055.1_01229	Same_contig
GCA_001547935.1_02774	Not_in_prophage
GCA_020216145.1_02832	Not_in_prophage
GCA_024346955.1_01457	Same_contig
GCA_024529975.1_01700	Same_contig
GCA_019904195.1_04389	Same_contig
GCA_001547935.1_02063	Not_in_prophage
GCA_903986855.1_00677	Not_in_prophage
GCA_003263805.1_05579	Not_in_prophage
GCA_020171485.1_01595	Not_in_prophage
GCA_023920225.1_02731	Same_contig
GCA_024346755.1_01171	Same_contig
GCA_900100015.1_04121	Not_in_prophage
GCA_900100015.1_00547	Not_in_prophage
GCA_024347055.1_00465	Same_contig
GCA_001506075.1_04100	Not_in_prophage
GCA_024529975.1_01228	Same_contig
GCA_014083925.1_02894	Same_contig
GCA_024346955.1_02320	Same_contig
GCA_905175365.2_00952	Same_contig
GCA_011064285.1_04090	Same_contig
GCA_008756975.1_00922	Not_in_prophage
GCA_024347475.1_01812	Not_in_prophage
GCA_009763685.1_00056	In_prophage
GCA_903986915.1_01981	Not_in_prophage
GCA_024744975.1_01258	In_prophage
GCA_003856525.1_03458	Not_in_prophage
GCA_003544875.1_00462	Not_in_prophage
GCA_019670025.1_00446	Not_in_prophage
GCA_921292965.1_02073	In_prophage
GCA_008756975.1_00915	Not_in_prophage
GCA_024347135.1_03120	Same_contig
GCA_921292975.1_00926	Not_in_prophage
GCA_024347475.1_01819	Not_in_prophage
GCA_003263775.1_04943	Not_in_prophage
GCA_020216145.1_03526	Not_in_prophage
GCA_023221655.1_03334	Same_contig
GCA_905175395.2_00920	Not_in_prophage
GCA_021397475.1_04449	In_prophage
GCA_007786255.1_04286	Not_in_prophage
GCA_001718025.1_00893	Not_in_prophage
GCA_000259935.1_03127	Not_in_prophage
GCA_000275705.1_03478	Not_in_prophage
GCA_001185495.1_02075	Not_in_prophage
GCA_012275085.1_04417	Not_in_prophage
GCA_001185405.1_01981	Not_in_prophage
GCA_019670485.1_02433	Not_in_prophage
GCA_003203495.1_03918	Not_in_prophage
GCA_016464165.1_04688	Not_in_prophage
GCA_024746015.1_00291	Not_in_prophage
GCA_000315135.1_02097	Not_in_prophage
GCA_011806535.1_04898	Not_in_prophage
GCA_024531115.1_01301	Not_in_prophage
GCA_013373165.1_02818	Not_in_prophage
GCA_001185455.1_04397	Not_in_prophage
GCA_905331865.1_03506	Not_in_prophage
GCA_001050875.1_00961	Not_in_prophage
GCA_000454245.1_01093	Not_in_prophage
GCA_006378735.1_00583	Same_contig
GCA_006375115.1_04221	Not_in_prophage
GCA_004324655.1_00584	Not_in_prophage
GCA_001879585.1_03921	Not_in_prophage
GCA_004324805.1_01135	Not_in_prophage
GCA_006371355.1_00290	Not_in_prophage
GCA_000489635.1_00176	Not_in_prophage
GCA_023476095.1_08020	Not_in_prophage
GCA_003186355.1_02173	Not_in_prophage
GCA_002850295.1_05134	Not_in_prophage
GCA_002864745.1_05192	Not_in_prophage
GCA_000347555.1_01856	Not_in_prophage
GCA_024181835.1_02348	Same_contig
GCA_024745675.1_03856	Not_in_prophage
GCA_000818235.1_02228	Not_in_prophage
GCA_022397925.1_01289	Not_in_prophage
GCA_000400305.1_04719	Not_in_prophage
GCA_001262735.1_00208	Not_in_prophage
GCA_022347645.1_03645	Not_in_prophage
GCA_001185465.1_04092	Not_in_prophage
GCA_023476095.1_08019	Not_in_prophage
GCA_021654215.1_04877	Not_in_prophage
GCA_001185575.1_05005	Not_in_prophage
GCA_000770115.2_04375	Not_in_prophage
GCA_001185585.1_02030	Not_in_prophage
GCA_022397815.1_03912	Same_contig
GCA_019800715.1_03754	Not_in_prophage
GCA_000305715.2_00896	Not_in_prophage
GCA_003326605.2_01295	Not_in_prophage
GCA_014525215.1_00884	Not_in_prophage
GCA_001310735.1_04161	Not_in_prophage
GCA_001558435.2_03965	Same_contig
GCA_009665315.1_03307	Same_contig
GCA_903995475.1_02147	Not_in_prophage
GCA_000733315.1_05154	Not_in_prophage
GCA_013114355.1_00483	Not_in_prophage
GCA_000834075.1_04437	Not_in_prophage
GCA_000400365.1_01766	Not_in_prophage
GCA_001557775.1_03908	Not_in_prophage
GCA_022397735.1_02963	Not_in_prophage
GCA_002930045.1_04511	Not_in_prophage
GCA_000695745.1_03408	Not_in_prophage
GCA_001048635.1_01933	Not_in_prophage
GCA_002358135.1_05521	Not_in_prophage
GCA_022432925.1_01852	Same_contig
GCA_013114225.1_02033	Not_in_prophage
GCA_000829615.1_02765	Not_in_prophage
GCA_000400245.1_05173	Not_in_prophage
GCA_002929985.1_00362	Not_in_prophage
GCA_001591125.1_01860	Not_in_prophage
GCA_013114285.1_03379	Not_in_prophage
GCA_022397775.1_00610	Not_in_prophage
GCA_023476095.1_06658	Not_in_prophage
GCA_023716565.1_00892	Same_contig
GCA_024347055.1_04095	Not_in_prophage
GCA_003334845.1_03171	Not_in_prophage
GCA_905175395.2_03375	Same_contig
GCA_019670025.1_03454	Same_contig
GCA_019670485.1_03387	Not_in_prophage
GCA_002214395.1_00073	Same_contig
GCA_001185545.1_01930	Not_in_prophage
GCA_024530995.1_00913	Not_in_prophage
GCA_000830415.1_04116	Not_in_prophage
GCA_000830475.1_01097	Not_in_prophage
GCA_024347675.1_00795	Not_in_prophage
GCA_002850295.1_03983	Not_in_prophage
GCA_019800855.1_02751	Not_in_prophage
GCA_900107935.1_00917	Not_in_prophage
GCA_001908435.2_03978	Same_contig
GCA_001310735.1_01257	Not_in_prophage
GCA_000830435.1_00090	Not_in_prophage
GCA_000834075.1_01539	Not_in_prophage
GCA_001625175.1_03370	Not_in_prophage
GCA_000830455.1_00758	Not_in_prophage
GCA_002930045.1_04148	Not_in_prophage
GCA_001969325.1_04003	Not_in_prophage
GCA_000829615.1_02422	Not_in_prophage
GCA_000400365.1_02852	Not_in_prophage
GCA_013114355.1_02926	Not_in_prophage
GCA_002875385.1_00811	Not_in_prophage
GCA_021654215.1_00061	Not_in_prophage
GCA_002954525.1_01495	Not_in_prophage
GCA_002929935.1_02125	Not_in_prophage
GCA_000400285.1_03250	Not_in_prophage
GCA_001557775.1_01404	Not_in_prophage
GCA_000400245.1_02157	Not_in_prophage
GCA_002930015.1_03383	Not_in_prophage
GCA_000834095.1_04499	Not_in_prophage
GCA_000818715.1_05106	Not_in_prophage
GCA_003203495.1_03134	Not_in_prophage
GCA_000818235.1_01549	Not_in_prophage
GCA_001262735.1_01051	Not_in_prophage
GCA_001185275.1_02229	Not_in_prophage
GCA_024745675.1_00613	Not_in_prophage
GCA_000275705.1_05157	Not_in_prophage
GCA_024746015.1_00098	Not_in_prophage
GCA_001050875.1_04130	Not_in_prophage
GCA_001558435.2_05054	Same_contig
GCA_014525215.1_01838	Not_in_prophage
GCA_011806535.1_02424	Not_in_prophage
GCA_016464165.1_04396	Not_in_prophage
GCA_022453845.1_04000	Not_in_prophage
GCA_000818275.1_05240	Not_in_prophage
GCA_000195225.2_00982	Not_in_prophage
GCA_001858245.1_00612	Not_in_prophage
GCA_000818355.1_00194	Not_in_prophage
GCA_001185265.1_03732	Not_in_prophage
GCA_000818295.1_04247	Not_in_prophage
GCA_002027615.1_04981	Not_in_prophage
GCA_000818315.1_01586	Not_in_prophage
GCA_014525075.1_03323	Not_in_prophage
GCA_903986985.1_00329	Not_in_prophage
GCA_000818335.1_04826	Same_contig
GCA_002142655.1_03403	Same_contig
GCA_905175335.2_04535	Not_in_prophage
GCA_001991055.1_04179	Not_in_prophage
GCA_021397475.1_00532	Not_in_prophage
GCA_903986875.1_02022	Not_in_prophage
GCA_014769105.1_04671	Not_in_prophage
GCA_010092875.1_01464	Not_in_prophage
GCA_006124885.1_04746	Not_in_prophage
GCA_002906475.1_04084	Not_in_prophage
GCA_007182835.1_03268	Same_contig
GCA_000400405.1_01052	Not_in_prophage
GCA_001185465.1_04215	Not_in_prophage
GCA_001185385.1_04153	Not_in_prophage
GCA_001192695.1_03506	Same_contig
GCA_002078065.1_01337	Not_in_prophage
GCA_000772655.1_04074	Not_in_prophage
GCA_000400205.1_01738	Not_in_prophage
GCA_009665315.1_04386	Same_contig
GCA_001185405.1_03159	Not_in_prophage
GCA_002021755.1_04316	Not_in_prophage
GCA_003691505.1_04590	Same_contig
GCA_000259935.1_01544	Not_in_prophage
GCA_000305755.2_01512	Not_in_prophage
GCA_009184745.1_04912	Not_in_prophage
GCA_001310575.2_04039	Same_contig
GCA_000400225.1_05065	Not_in_prophage
GCA_000442925.1_03591	Not_in_prophage
GCA_001557945.1_01643	Not_in_prophage
GCA_016464175.1_00256	Not_in_prophage
GCA_000400325.1_03252	Not_in_prophage
GCA_023716605.1_04471	Not_in_prophage
GCA_016464265.1_05203	Not_in_prophage
GCA_000305715.2_05021	Not_in_prophage
GCA_000770115.2_03451	Not_in_prophage
GCA_016464195.1_02562	Not_in_prophage
GCA_000829735.1_04417	Not_in_prophage
GCA_024181835.1_01403	Same_contig
GCA_000699205.1_04383	Same_contig
GCA_013459835.1_05298	Not_in_prophage
GCA_000493315.1_03180	Not_in_prophage
GCA_001262745.1_00452	Not_in_prophage
GCA_022397925.1_00221	Not_in_prophage
GCA_014525195.1_03464	Same_contig
GCA_000347555.1_02768	Not_in_prophage
GCA_016464115.1_01669	Not_in_prophage
GCA_024746155.1_03066	Not_in_prophage
GCA_002105235.1_01673	Same_contig
GCA_000182685.1_01521	Not_in_prophage
GCA_001185515.1_02854	Not_in_prophage
GCA_002864745.1_00049	Not_in_prophage
GCA_016464085.1_03995	Not_in_prophage
GCA_003691485.1_03967	Not_in_prophage
GCA_003691545.1_04749	Same_contig
GCA_019800715.1_00256	Not_in_prophage
GCA_022395475.1_05188	Not_in_prophage
GCA_022347645.1_03287	Not_in_prophage
GCA_024531115.1_00202	Not_in_prophage
GCA_001185495.1_04767	Not_in_prophage
GCA_000400305.1_00443	Not_in_prophage
GCA_012275085.1_03479	Not_in_prophage
GCA_003326605.2_05287	Not_in_prophage
GCA_001185585.1_04752	Not_in_prophage
GCA_001718025.1_00077	Not_in_prophage
GCA_001185575.1_03865	Not_in_prophage
GCA_022397815.1_02314	Not_in_prophage
GCA_006802595.1_01237	In_prophage
GCA_000818375.1_03839	Not_in_prophage
GCA_000154025.1_03660	Same_contig
GCA_003574775.1_03537	In_prophage
GCA_001267655.1_02135	In_prophage
GCA_000489895.1_02151	In_prophage
GCA_001995825.2_03029	In_prophage
GCA_013114245.1_01622	Not_in_prophage
GCA_002073065.1_02392	In_prophage
GCA_016406055.1_03491	In_prophage
GCA_002156475.1_00434	In_prophage
GCA_000256265.2_01013	In_prophage
GCA_000152765.1_02114	In_prophage
GCA_000817825.1_01627	Not_in_prophage
GCA_024745305.1_01500	In_prophage
GCA_018457685.1_02080	In_prophage
GCA_002875015.1_04203	In_prophage
GCA_001895365.1_03556	In_prophage
GCA_000829635.1_02532	Not_in_prophage
GCA_001726685.1_01526	In_prophage
GCA_018457585.1_02420	In_prophage
GCA_008921745.1_03658	In_prophage
GCA_022343145.1_00949	In_prophage
GCA_024744395.1_00029	In_prophage
GCA_000491335.1_00555	In_prophage
GCA_003790425.1_01944	In_prophage
GCA_024747195.1_04396	In_prophage
GCA_001557945.1_04653	In_prophage
GCA_002906455.1_04314	Not_in_prophage
GCA_006368215.1_02990	In_prophage
GCA_022395435.1_00514	In_prophage
GCA_000491355.1_04053	In_prophage
GCA_000736345.1_03019	In_prophage
GCA_000256425.1_02735	In_prophage
GCA_022113885.1_01946	In_prophage
GCA_000500525.1_00404	In_prophage
GCA_001728095.1_02069	In_prophage
GCA_006371455.1_01002	In_prophage
GCA_000972045.1_04199	In_prophage
GCA_001857305.1_01525	In_prophage
GCA_000176715.1_01753	In_prophage
GCA_006802075.1_01533	In_prophage
GCA_006802595.1_01061	In_prophage
GCA_021166995.1_02615	In_prophage
GCA_008085535.1_00923	In_prophage
GCA_001718105.1_02139	In_prophage
GCA_008084655.1_02128	In_prophage
GCA_024744965.1_01080	In_prophage
GCA_006802935.1_02804	In_prophage
GCA_006802685.1_02927	In_prophage
GCA_006803005.1_00111	In_prophage
GCA_003349725.1_02338	In_prophage
GCA_002097735.1_02038	In_prophage
GCA_013373305.1_03312	Not_in_prophage
GCA_000287095.2_00864	Not_in_prophage
GCA_024748415.1_00910	In_prophage
GCA_011806575.1_03625	Not_in_prophage
GCA_015350415.1_00140	Not_in_prophage
GCA_001989895.2_01459	Not_in_prophage
GCA_015343425.1_03838	Not_in_prophage
GCA_000176375.1_00811	Not_in_prophage
GCA_001402255.1_01810	Not_in_prophage
GCA_008085635.1_00722	In_prophage
GCA_008085575.1_01981	In_prophage
GCA_008084795.1_00063	In_prophage
GCA_013114105.1_02769	Not_in_prophage
GCA_002196165.1_03483	Not_in_prophage
GCA_015343535.1_01574	Not_in_prophage
GCA_002241235.1_02089	Not_in_prophage
GCA_000174295.1_02769	Same_contig
GCA_001274785.1_00529	Not_in_prophage
GCA_003349715.1_01019	Not_in_prophage
GCA_017426965.1_02709	Not_in_prophage
GCA_024743545.1_02818	Not_in_prophage
GCA_003349575.1_02045	Not_in_prophage
GCA_017051655.1_00777	Not_in_prophage
GCA_000176455.1_00698	In_prophage
GCA_001989695.1_03517	In_prophage
GCA_002284395.1_03257	Not_in_prophage
GCA_003347715.1_03357	In_prophage
GCA_017051755.1_00293	Not_in_prophage
GCA_008084405.1_00636	Not_in_prophage
GCA_013214045.1_04242	Not_in_prophage
GCA_022398095.1_00484	Same_contig
GCA_000967495.1_03836	Not_in_prophage
GCA_023716545.1_04241	Not_in_prophage
GCA_022398025.1_00244	Not_in_prophage
GCA_019339365.1_04098	Same_contig
GCA_013113835.1_02800	Not_in_prophage
GCA_022398215.1_00987	Not_in_prophage
GCA_001297935.1_00121	Not_in_prophage
GCA_000763535.1_03405	Not_in_prophage
GCA_002073995.1_04202	Same_contig
GCA_000967465.2_04551	Same_contig
GCA_000176135.1_02547	Not_in_prophage
GCA_002286405.1_01133	Not_in_prophage
GCA_002742585.1_02937	Same_contig
GCA_013266655.1_02247	Not_in_prophage
GCA_013266605.1_02829	Not_in_prophage
GCA_013114385.1_04580	Not_in_prophage
GCA_001693615.1_03939	Same_contig
GCA_019670025.1_03367	Same_contig
GCA_000461895.1_03263	Not_in_prophage
GCA_000195475.2_02708	Same_contig
GCA_013113815.1_00924	Not_in_prophage
GCA_020686745.1_02257	Not_in_prophage
GCA_000772065.1_04659	Same_contig
GCA_013113905.1_02888	Not_in_prophage
GCA_019670485.1_03301	Not_in_prophage
GCA_000740665.1_01629	Not_in_prophage
GCA_001402675.1_00017	Not_in_prophage
GCA_013266565.1_01202	Not_in_prophage
GCA_009665255.1_01693	Not_in_prophage
GCA_002608565.1_00220	Not_in_prophage
GCA_905175395.2_03461	Same_contig
GCA_001402515.1_03103	Not_in_prophage
GCA_002283845.1_02764	Not_in_prophage
GCA_009763905.1_02144	Same_contig
GCA_002283835.1_00529	Not_in_prophage
GCA_002283955.1_03166	Not_in_prophage
GCA_000696385.1_00045	Not_in_prophage
GCA_001402685.1_01984	Not_in_prophage
GCA_000176215.1_01130	Not_in_prophage
GCA_002283805.1_01990	Not_in_prophage
GCA_001402495.1_01102	Not_in_prophage
GCA_001402345.1_01876	Not_in_prophage
GCA_001402175.1_03453	Not_in_prophage
GCA_003311805.1_00722	Not_in_prophage
GCA_009905015.1_00652	Not_in_prophage
GCA_000176715.1_02880	Not_in_prophage
GCA_002257545.1_00777	Not_in_prophage
GCA_003595585.1_01034	Not_in_prophage
GCA_000287155.2_00286	Not_in_prophage
GCA_009665275.1_00510	Not_in_prophage
GCA_002241075.1_02607	Not_in_prophage
GCA_024748415.1_03213	Not_in_prophage
GCA_019048845.1_03203	Same_contig
GCA_002241365.1_00683	Not_in_prophage
GCA_003311755.1_01140	Not_in_prophage
GCA_003311815.1_00312	Not_in_prophage
GCA_002241335.1_01877	Not_in_prophage
GCA_000287115.2_01678	Not_in_prophage
GCA_003311895.1_01260	Not_in_prophage
GCA_013048725.1_02087	Not_in_prophage
GCA_019092625.1_00309	Not_in_prophage
GCA_008369625.1_00090	Not_in_prophage
GCA_000438805.2_02891	Not_in_prophage
GCA_001857455.1_01454	Not_in_prophage
GCA_003312005.1_02054	Not_in_prophage
GCA_000798995.1_01536	Not_in_prophage
GCA_003311865.1_03550	Not_in_prophage
GCA_011306175.1_01953	Not_in_prophage
GCA_002995435.1_03118	Not_in_prophage
GCA_013048735.1_03363	Not_in_prophage
GCA_002216685.1_01733	Not_in_prophage
GCA_003716425.1_01126	Same_contig
GCA_001402155.1_03712	Not_in_prophage
GCA_008083355.1_00919	Not_in_prophage
GCA_008084835.1_00012	Not_in_prophage
GCA_003312065.1_00098	Not_in_prophage
GCA_003585385.1_02930	Not_in_prophage
GCA_016456785.1_01465	Not_in_prophage
GCA_017169525.1_02602	Not_in_prophage
GCA_003311965.1_02661	Not_in_prophage
GCA_000221405.1_01405	Not_in_prophage
GCA_008083755.1_00567	Not_in_prophage
GCA_018035165.1_02874	Not_in_prophage
GCA_008083255.1_00757	Not_in_prophage
GCA_003311945.1_03110	Not_in_prophage
GCA_006802925.1_01405	Not_in_prophage
GCA_000220765.2_00550	Same_contig
GCA_000220785.2_01759	Not_in_prophage
GCA_003311905.1_03097	Not_in_prophage
GCA_000303085.1_01891	Not_in_prophage
GCA_003594535.1_01089	Not_in_prophage
GCA_000168935.3_00022	Same_contig
GCA_008083955.1_01795	Not_in_prophage
GCA_008083925.1_01912	Same_contig
GCA_008084465.1_02441	Not_in_prophage
GCA_000737015.1_01175	Not_in_prophage
GCA_003056995.1_02865	Not_in_prophage
GCA_001743085.1_01831	Not_in_prophage
GCA_024743545.1_03167	Not_in_prophage
GCA_002196375.1_02412	Not_in_prophage
GCA_001857345.1_01987	Not_in_prophage
GCA_013111605.1_02289	Not_in_prophage
GCA_002284455.1_01206	Not_in_prophage
GCA_000969235.1_02809	Same_contig
GCA_000305115.2_01503	Not_in_prophage
GCA_008370425.1_02681	Not_in_prophage
GCA_009899525.1_00586	Not_in_prophage
GCA_009899555.1_00512	Not_in_prophage
GCA_000174255.1_00123	Not_in_prophage
GCA_000279285.1_01085	Same_contig
GCA_000788515.1_02192	Not_in_prophage
GCA_003348065.1_03401	Not_in_prophage
GCA_900185995.1_01838	Not_in_prophage
GCA_019780445.1_03533	Not_in_prophage
GCA_002284185.1_02718	Not_in_prophage
GCA_017426915.1_03519	Not_in_prophage
GCA_008083335.1_01851	Not_in_prophage
GCA_003057775.1_00835	Not_in_prophage
GCA_001515115.1_02566	Not_in_prophage
GCA_003312945.1_00293	Not_in_prophage
GCA_005636015.1_03121	Not_in_prophage
GCA_002284235.1_03388	Not_in_prophage
GCA_000348425.2_00797	Same_contig
GCA_008085625.1_02881	Not_in_prophage
GCA_021014845.1_02488	Not_in_prophage
GCA_008085615.1_01644	Not_in_prophage
GCA_000279265.1_01858	Same_contig
GCA_003449075.1_03343	Not_in_prophage
GCA_000153785.3_02530	Not_in_prophage
GCA_003348545.1_01527	Not_in_prophage
GCA_003349575.1_01899	Not_in_prophage
GCA_002284475.1_01743	Not_in_prophage
GCA_006802075.1_01854	Not_in_prophage
GCA_008083785.1_00336	Not_in_prophage
GCA_006802555.1_03168	Not_in_prophage
GCA_000812045.1_03583	Not_in_prophage
GCA_014654695.1_01914	Not_in_prophage
GCA_006802915.1_00990	Not_in_prophage
GCA_006802345.1_01110	Not_in_prophage
GCA_001254095.1_01779	Not_in_prophage
GCA_000737025.1_00015	Not_in_prophage
GCA_006803135.1_01705	Not_in_prophage
GCA_008083425.1_01767	Not_in_prophage
GCA_017426785.1_02222	Not_in_prophage
GCA_000176455.1_01743	Not_in_prophage
GCA_013357785.1_01931	Same_contig
GCA_006802475.1_01254	Not_in_prophage
GCA_003716505.1_00092	Same_contig
GCA_006802655.1_00176	Not_in_prophage
GCA_003348815.1_02075	Not_in_prophage
GCA_001857485.1_01776	Not_in_prophage
GCA_003347835.1_01468	Not_in_prophage
GCA_001735565.1_00887	Not_in_prophage
GCA_017426965.1_02467	Not_in_prophage
GCA_024745295.1_03253	Not_in_prophage
GCA_021166915.1_01040	Not_in_prophage
GCA_003348985.1_00623	Not_in_prophage
GCA_001857155.1_02504	Not_in_prophage
GCA_000152445.1_01114	Not_in_prophage
GCA_003716465.1_02185	Same_contig
GCA_013357665.1_01898	Same_contig
GCA_016456915.1_03419	Not_in_prophage
GCA_016456875.1_00730	Not_in_prophage
GCA_000348345.2_00573	Not_in_prophage
GCA_001543505.1_03275	Not_in_prophage
GCA_006803105.1_03443	Not_in_prophage
GCA_016456855.1_01792	Not_in_prophage
GCA_000174295.1_02851	Not_in_prophage
GCA_002284395.1_02925	Not_in_prophage
GCA_000174235.1_03232	Not_in_prophage
GCA_000788495.1_00803	Not_in_prophage
GCA_006802815.1_03492	Not_in_prophage
GCA_006802685.1_03568	Not_in_prophage
GCA_019458465.1_02013	Same_contig
GCA_006802275.1_01145	Not_in_prophage
GCA_003348655.1_01790	Not_in_prophage
GCA_902810025.1_00494	Not_in_prophage
GCA_003716515.1_00742	Not_in_prophage
GCA_006802255.1_01304	Not_in_prophage
GCA_001515165.1_02344	Not_in_prophage
GCA_008084855.1_02830	Not_in_prophage
GCA_013111195.1_02010	Not_in_prophage
GCA_002114205.1_02695	Not_in_prophage
GCA_003348415.1_02349	Not_in_prophage
GCA_016456845.1_00569	Not_in_prophage
GCA_001718105.1_03185	Not_in_prophage
GCA_012275105.1_00814	Same_contig
GCA_021014875.1_01194	Not_in_prophage
GCA_003348735.1_00016	Not_in_prophage
GCA_003347725.1_00950	Not_in_prophage
GCA_008084755.1_00543	Not_in_prophage
GCA_003594515.1_02369	Not_in_prophage
GCA_021167035.1_00977	Not_in_prophage
GCA_000154005.2_01224	Same_contig
GCA_003348795.1_01561	Not_in_prophage
GCA_000302965.1_01339	Not_in_prophage
GCA_019400765.1_03525	Not_in_prophage
GCA_003348195.1_01913	Not_in_prophage
GCA_005636045.1_03554	Not_in_prophage
GCA_001254535.1_01112	Not_in_prophage
GCA_000736785.1_01717	Not_in_prophage
GCA_000174115.1_01793	Not_in_prophage
GCA_000006745.1_00927	Not_in_prophage
GCA_001258495.1_03543	Not_in_prophage
GCA_003585505.1_02988	Not_in_prophage
GCA_003585465.1_02932	Not_in_prophage
GCA_023955485.1_01100	Not_in_prophage
GCA_000304995.1_01603	Not_in_prophage
GCA_002076785.1_02483	Not_in_prophage
GCA_001887415.1_00934	Same_contig
GCA_008085535.1_01422	Not_in_prophage
GCA_001887615.1_00945	Same_contig
GCA_008084055.1_02217	Not_in_prophage
GCA_000168895.2_01859	Not_in_prophage
GCA_000237745.2_01764	Not_in_prophage
GCA_000740515.2_02729	Not_in_prophage
GCA_000966395.1_03745	Not_in_prophage
GCA_001251975.1_03295	Not_in_prophage
GCA_024495625.1_02687	Not_in_prophage
GCA_019273635.1_02233	Not_in_prophage
GCA_000969265.1_01622	In_prophage
GCA_002313025.1_01904	Same_contig
GCA_008083995.1_01973	Not_in_prophage
GCA_008085465.1_02458	Not_in_prophage
GCA_008084425.1_02515	Not_in_prophage
GCA_024105855.1_02203	Not_in_prophage
GCA_003348015.1_01569	Not_in_prophage
GCA_003585405.1_03377	Not_in_prophage
GCA_008084025.1_01964	Not_in_prophage
GCA_009763045.1_00366	Not_in_prophage
GCA_006802795.1_02770	Not_in_prophage
GCA_016456575.1_01413	Not_in_prophage
GCA_000736945.1_02553	Not_in_prophage
GCA_000152465.2_01589	Same_contig
GCA_001857505.1_02280	Not_in_prophage
GCA_008083445.1_01201	Not_in_prophage
GCA_001402255.1_01740	Not_in_prophage
GCA_002097735.1_00304	Not_in_prophage
GCA_008084645.1_00755	Not_in_prophage
GCA_000195065.1_00885	Not_in_prophage
GCA_006802045.1_03442	Not_in_prophage
GCA_000302895.1_01143	Not_in_prophage
GCA_002890525.1_00253	Not_in_prophage
GCA_000736935.1_02681	Not_in_prophage
GCA_003347915.1_01996	Not_in_prophage
GCA_016457055.1_02417	Not_in_prophage
GCA_000736765.1_02449	Not_in_prophage
GCA_017426985.1_02671	Not_in_prophage
GCA_000221445.1_01042	Not_in_prophage
GCA_024106075.1_00321	Not_in_prophage
GCA_023488285.1_02471	Same_contig
GCA_014634265.1_01555	Not_in_prophage
GCA_021014685.1_02773	Not_in_prophage
GCA_002196305.1_01206	Not_in_prophage
GCA_013111535.1_02619	Not_in_prophage
GCA_003349155.1_01832	Not_in_prophage
GCA_003591575.1_01911	Same_contig
GCA_003347815.1_00689	Not_in_prophage
GCA_003347755.1_00998	Not_in_prophage
GCA_013357765.1_01835	Same_contig
GCA_008084705.1_01069	Not_in_prophage
GCA_008369605.1_01831	Not_in_prophage
GCA_001718095.1_03009	Not_in_prophage
GCA_008084525.1_03061	Not_in_prophage
GCA_014654545.1_00038	Not_in_prophage
GCA_008083975.1_01936	Not_in_prophage
GCA_014525175.1_02150	Same_contig
GCA_003096135.1_02677	Not_in_prophage
GCA_021228575.1_00471	Not_in_prophage
GCA_016456805.1_01533	Same_contig
GCA_009653605.1_03082	Not_in_prophage
GCA_002284325.1_02545	Not_in_prophage
GCA_008084505.1_02819	Not_in_prophage
GCA_000153985.3_02029	Not_in_prophage
GCA_000735705.2_02947	Not_in_prophage
GCA_008085635.1_01830	Not_in_prophage
GCA_013111315.1_01972	Not_in_prophage
GCA_001402425.1_02719	Not_in_prophage
GCA_019704215.1_00379	Same_contig
GCA_001637555.1_02693	Not_in_prophage
GCA_001253315.1_01175	Not_in_prophage
GCA_001250435.1_03436	Not_in_prophage
GCA_001257035.1_03446	Not_in_prophage
GCA_009763965.1_00168	Same_contig
GCA_008083535.1_00314	Not_in_prophage
GCA_000176415.1_00172	Not_in_prophage
GCA_006802945.1_00400	Not_in_prophage
GCA_021014515.1_02960	Not_in_prophage
GCA_008083965.1_03766	Not_in_prophage
GCA_000222145.1_01217	Same_contig
GCA_019504425.1_01790	Not_in_prophage
GCA_000473785.1_00870	Not_in_prophage
GCA_000175995.1_01868	Not_in_prophage
GCA_009764005.1_00989	Same_contig
GCA_008083775.1_03180	Not_in_prophage
GCA_009764025.1_00917	Same_contig
GCA_000175975.1_02288	Not_in_prophage
GCA_000338875.1_03706	Not_in_prophage
GCA_008084745.1_02073	Not_in_prophage
GCA_001767355.1_02087	Same_contig
GCA_008083465.1_00156	Not_in_prophage
GCA_001558475.2_02754	Not_in_prophage
GCA_008464965.1_01504	Not_in_prophage
GCA_006802075.1_01169	Not_in_prophage
GCA_000176375.1_03030	Same_contig
GCA_000272145.2_03431	Not_in_prophage
GCA_008084405.1_02158	Not_in_prophage
GCA_009763005.1_02840	Same_contig
GCA_013114135.1_01106	Not_in_prophage
GCA_013114135.1_00372	Not_in_prophage
GCA_009665195.1_00212	Not_in_prophage
GCA_944738745.1_00210	Not_in_prophage
GCA_024347395.1_02035	Same_contig
GCA_009764215.1_02874	Same_contig
GCA_003318175.1_01735	Not_in_prophage
GCA_011090235.1_00611	Not_in_prophage
GCA_921294215.1_02740	Same_contig
GCA_003263805.1_04048	Not_in_prophage
GCA_003263805.1_04047	Not_in_prophage
GCA_000221465.1_01002	Not_in_prophage
GCA_009763685.1_01105	Same_contig
GCA_005146325.1_00878	Not_in_prophage
GCA_001267945.1_02208	Not_in_prophage
GCA_944739605.1_00284	Not_in_prophage
GCA_002105235.1_03833	Not_in_prophage
GCA_015594925.2_02248	Not_in_prophage
GCA_000493315.1_01407	Not_in_prophage
GCA_016464085.1_03474	Not_in_prophage
GCA_004761895.1_00865	Not_in_prophage
GCA_023634645.1_04291	Not_in_prophage
GCA_009763465.1_01873	Same_contig
GCA_002873395.1_00806	Not_in_prophage
GCA_002876025.1_01008	Not_in_prophage
GCA_002342685.1_02514	Not_in_prophage
GCA_002342735.1_00085	Not_in_prophage
GCA_013114595.1_00406	Not_in_prophage
GCA_023503985.1_00354	Same_contig
GCA_014050145.1_02873	Not_in_prophage
GCA_000176235.1_01580	Not_in_prophage
GCA_023145695.1_01350	Not_in_prophage
GCA_001188205.1_03453	Not_in_prophage
GCA_001399455.2_02600	Not_in_prophage
GCA_022397495.1_02084	Not_in_prophage
GCA_900233005.1_00865	Same_contig
GCA_000222665.2_01291	Not_in_prophage
GCA_022397595.1_03317	Not_in_prophage
GCA_022397755.1_01475	Not_in_prophage
GCA_024582835.1_02783	Not_in_prophage
GCA_022397735.1_03816	Not_in_prophage
GCA_001591125.1_02105	Not_in_prophage
GCA_013114285.1_04951	Not_in_prophage
GCA_018222805.1_03098	Not_in_prophage
GCA_018223135.1_02654	Not_in_prophage
GCA_021728395.1_00166	Not_in_prophage
GCA_000256265.2_04488	Not_in_prophage
GCA_000733315.1_00996	In_prophage
GCA_009665315.1_00952	Not_in_prophage
GCA_001639065.2_04496	Not_in_prophage
GCA_000195415.2_02343	Not_in_prophage
GCA_022397635.1_00472	Not_in_prophage
GCA_000707185.2_04583	Not_in_prophage
GCA_002198445.1_00160	Not_in_prophage
GCA_003726935.1_04938	Not_in_prophage
GCA_009764175.1_03066	Same_contig
GCA_009665355.1_00109	Same_contig
GCA_022290045.1_02656	Not_in_prophage
GCA_022289895.1_01850	Not_in_prophage
GCA_020251975.1_02930	Not_in_prophage
GCA_014525255.1_02165	Same_contig
GCA_009665395.1_00682	Not_in_prophage
GCA_009763885.1_00701	Not_in_prophage
GCA_009874545.1_04006	Not_in_prophage
GCA_024346755.1_04122	Same_contig
GCA_024346755.1_04494	Same_contig
GCA_015686695.1_04636	Same_contig
GCA_024347055.1_01955	Same_contig
GCA_024346755.1_03450	Same_contig
GCA_001547935.1_03417	Not_in_prophage
GCA_024346755.1_01131	Same_contig
GCA_020216145.1_00298	Not_in_prophage
GCA_024346995.1_02911	Not_in_prophage
GCA_024529975.1_03962	Same_contig
GCA_024529975.1_00110	Same_contig
GCA_011064285.1_00212	Same_contig
GCA_900100015.1_03054	Not_in_prophage
GCA_009874545.1_04666	Not_in_prophage
GCA_015686695.1_03682	Same_contig
GCA_001547935.1_00478	Same_contig
GCA_020216145.1_02833	Not_in_prophage
GCA_002934045.1_00370	Same_contig
GCA_002934045.1_00258	Same_contig
GCA_024346755.1_02622	Same_contig
GCA_024347055.1_04556	Not_in_prophage
GCA_002934045.1_00264	Same_contig
GCA_009874545.1_01325	Not_in_prophage
GCA_024529975.1_02876	Same_contig
GCA_020216145.1_00276	Not_in_prophage
GCA_011064285.1_03873	Same_contig
GCA_021272385.1_03946	Same_contig
GCA_001547935.1_00939	Same_contig
GCA_007623795.1_02445	Not_in_prophage
GCA_900100015.1_01292	Not_in_prophage
GCA_000426765.1_01661	Not_in_prophage
GCA_007623795.1_02451	Not_in_prophage
GCA_000426765.1_01667	Not_in_prophage
GCA_003522385.1_00639	Not_in_prophage
GCA_003522385.1_00645	Not_in_prophage
GCA_024347055.1_03561	Not_in_prophage
GCA_015686695.1_04545	Same_contig
GCA_000286955.2_01834	Not_in_prophage
GCA_002218025.2_03435	Same_contig
GCA_020171485.1_03616	Not_in_prophage
GCA_002218025.2_03442	Same_contig
GCA_003335255.1_02661	Same_contig
GCA_003335255.1_02654	Same_contig
GCA_002892885.1_03966	Not_in_prophage
GCA_002892785.1_02732	Not_in_prophage
GCA_002892925.1_02648	Not_in_prophage
GCA_001547935.1_01428	Same_contig
GCA_003269215.1_01428	Not_in_prophage
GCA_020216145.1_04357	Not_in_prophage
GCA_000740015.1_03428	Not_in_prophage
GCA_013041605.1_02199	In_prophage
GCA_014694375.1_01699	Not_in_prophage
GCA_014694375.1_01018	Not_in_prophage
GCA_014694375.1_01025	Not_in_prophage
GCA_000754645.1_03961	Not_in_prophage
GCA_001952955.1_04291	Same_contig
GCA_016761815.1_02211	Not_in_prophage
GCA_009665355.1_04023	Not_in_prophage
GCA_009763005.1_04368	Same_contig
GCA_000931495.1_00131	Not_in_prophage
GCA_002953375.1_03525	Same_contig
GCA_000760625.1_01068	Not_in_prophage
GCA_009764215.1_03405	Same_contig
GCA_009763685.1_04316	Not_in_prophage
GCA_016761735.1_03316	Not_in_prophage
GCA_022290295.1_02726	Not_in_prophage
GCA_012275025.1_03757	Same_contig
GCA_021394915.1_02724	Not_in_prophage
GCA_017604305.1_04063	Same_contig
GCA_016761685.1_02315	Not_in_prophage
GCA_022289895.1_02687	Not_in_prophage
GCA_016464285.1_03647	Not_in_prophage
GCA_016761775.1_02842	Not_in_prophage
GCA_000417625.1_01462	Not_in_prophage
GCA_016761485.1_00797	Not_in_prophage
GCA_022290045.1_02120	Not_in_prophage
GCA_002796765.1_03787	Not_in_prophage
GCA_021394815.1_02379	Not_in_prophage
GCA_021394375.1_01368	Not_in_prophage
GCA_017604105.1_04009	Not_in_prophage
GCA_021394415.1_00791	Not_in_prophage
GCA_022290265.1_02786	Not_in_prophage
GCA_009763465.1_04086	Same_contig
GCA_021395035.1_02265	Not_in_prophage
GCA_000799015.1_02561	Not_in_prophage
GCA_022289935.1_01681	Not_in_prophage
GCA_007050345.1_00804	Not_in_prophage
GCA_018140575.1_04515	Not_in_prophage
GCA_017604285.1_04026	Not_in_prophage
GCA_016761535.1_04178	Not_in_prophage
GCA_021394315.1_03668	Not_in_prophage
GCA_001558415.2_00210	Same_contig
GCA_011440455.1_03787	Not_in_prophage
GCA_024743695.1_02068	Not_in_prophage
GCA_022289865.1_02055	Not_in_prophage
GCA_012274925.1_04127	Same_contig
GCA_021394895.1_02824	Not_in_prophage
GCA_001418705.1_03073	Not_in_prophage
GCA_009764175.1_03277	Same_contig
GCA_021395075.1_03623	Not_in_prophage
GCA_021394795.1_03697	Same_contig
GCA_019226825.1_03997	Not_in_prophage
GCA_000220785.2_02864	Same_contig
GCA_022290155.1_02963	Not_in_prophage
GCA_012275125.1_04093	Same_contig
GCA_022290255.1_04432	Not_in_prophage
GCA_009665335.1_03373	Same_contig
GCA_008084315.1_03161	Not_in_prophage
GCA_021394955.1_01753	Not_in_prophage
GCA_016761515.1_02147	Not_in_prophage
GCA_023920125.1_01683	Same_contig
GCA_022290215.1_01919	Not_in_prophage
GCA_000184325.1_04348	Same_contig
GCA_008269345.1_03182	Not_in_prophage
GCA_022289145.1_01185	Not_in_prophage
GCA_017313465.1_02662	Not_in_prophage
GCA_021249365.1_03484	Same_contig
GCA_009763185.1_03799	Same_contig
GCA_008269345.1_03181	Not_in_prophage
GCA_012274905.1_03941	Same_contig
GCA_009763345.1_03402	Same_contig
GCA_022289365.1_03409	Not_in_prophage
GCA_022290375.1_02017	Not_in_prophage
GCA_009763225.1_04836	Same_contig
GCA_001418695.1_00206	Not_in_prophage
GCA_000176175.1_01983	Same_contig
GCA_009763785.1_03420	Same_contig
GCA_022289035.1_04006	Same_contig
GCA_007050385.1_02360	Not_in_prophage
GCA_022289185.1_00859	Not_in_prophage
GCA_000176155.1_00633	Not_in_prophage
GCA_019091775.1_02722	Not_in_prophage
GCA_014267965.1_00290	Not_in_prophage
GCA_019092105.1_02615	Not_in_prophage
GCA_019092285.1_01581	Not_in_prophage
GCA_900100015.1_01231	Not_in_prophage
GCA_011064285.1_02522	Same_contig
GCA_014305065.1_02425	Not_in_prophage
GCA_019091945.1_02934	Not_in_prophage
GCA_002892785.1_03887	Not_in_prophage
GCA_013041605.1_01749	Not_in_prophage
GCA_019091765.1_02170	Not_in_prophage
GCA_021272385.1_01309	Not_in_prophage
GCA_019092345.1_01110	Not_in_prophage
GCA_019092435.1_02497	Not_in_prophage
GCA_024529975.1_03057	Same_contig
GCA_024346755.1_02797	Same_contig
GCA_002892905.1_01057	Same_contig
GCA_019091825.1_01894	Not_in_prophage
GCA_900130105.1_01478	Not_in_prophage
GCA_024346955.1_03988	Same_contig
GCA_024346955.1_03881	Same_contig
GCA_000175995.1_03745	Same_contig
GCA_008084405.1_03006	Not_in_prophage
GCA_024347115.1_03641	Same_contig
GCA_001506075.1_02551	Same_contig
GCA_000711805.1_01824	Not_in_prophage
GCA_014083925.1_03957	Same_contig
GCA_002196515.1_03528	Same_contig
GCA_023920225.1_03667	In_prophage
GCA_001506075.1_04033	Not_in_prophage
GCA_000176375.1_00110	Not_in_prophage
GCA_009665195.1_03553	Same_contig
GCA_000175975.1_02863	Not_in_prophage
GCA_001767355.1_03536	Same_contig
GCA_008084745.1_01087	Not_in_prophage
GCA_008084405.1_02684	Not_in_prophage
GCA_000176415.1_01050	Not_in_prophage
GCA_009763965.1_02206	Same_contig
GCA_008083965.1_00352	Not_in_prophage
GCA_009764025.1_01919	Same_contig
GCA_000338875.1_01075	Not_in_prophage
GCA_011806575.1_00483	Not_in_prophage
GCA_008083465.1_01821	Not_in_prophage
GCA_000175975.1_00892	Not_in_prophage
GCA_009665195.1_02215	Not_in_prophage
GCA_000473785.1_01770	Not_in_prophage
GCA_000176375.1_02175	Same_contig
GCA_000175995.1_03075	Not_in_prophage
GCA_001558475.2_03622	Not_in_prophage
GCA_008084745.1_01356	Not_in_prophage
GCA_008083775.1_00553	Not_in_prophage
GCA_001767355.1_01217	Same_contig
GCA_011806575.1_00476	Not_in_prophage
GCA_000755425.1_02806	Not_in_prophage
GCA_000755425.1_02804	Not_in_prophage
GCA_001957165.1_03455	Same_contig
GCA_009857245.1_01328	Same_contig
GCA_013114615.1_00830	Not_in_prophage
GCA_000400265.1_01773	Not_in_prophage
GCA_003263775.1_01474	Not_in_prophage
GCA_900005135.1_04882	Not_in_prophage
GCA_000723765.1_01031	Same_contig
GCA_000723605.1_03992	Same_contig
GCA_002074885.1_00675	Not_in_prophage
GCA_000222685.2_02187	Not_in_prophage
GCA_000967475.1_04070	Not_in_prophage
GCA_019904195.1_04151	Same_contig
GCA_000723485.1_05206	Not_in_prophage
GCA_000723805.1_04734	Same_contig
GCA_015097735.1_04058	Not_in_prophage
GCA_013114615.1_00394	Not_in_prophage
GCA_024346955.1_03425	Same_contig
GCA_921294215.1_01048	Not_in_prophage
GCA_009857245.1_03026	Not_in_prophage
GCA_017426965.1_00786	Not_in_prophage
GCA_001402255.1_02367	Not_in_prophage
GCA_006802475.1_03060	Not_in_prophage
GCA_003347725.1_00194	Not_in_prophage
GCA_013114395.1_01306	Same_contig
GCA_003347915.1_03058	Not_in_prophage
GCA_001857455.1_02717	Not_in_prophage
GCA_003263785.1_03467	Not_in_prophage
GCA_003350295.1_01624	Not_in_prophage
GCA_023634655.1_03055	Not_in_prophage
GCA_001402165.1_01975	Not_in_prophage
GCA_003312095.1_01265	Not_in_prophage
GCA_003937805.1_02055	Not_in_prophage
GCA_902810005.1_02026	Not_in_prophage
GCA_006802485.1_00945	Not_in_prophage
GCA_024347295.1_03546	Not_in_prophage
GCA_013114045.1_01769	Not_in_prophage
GCA_003348095.1_02536	Not_in_prophage
GCA_006802865.1_02159	Not_in_prophage
GCA_018860525.1_00161	Not_in_prophage
GCA_006802605.1_02201	Not_in_prophage
GCA_006803005.1_01471	Not_in_prophage
GCA_921292975.1_02806	Not_in_prophage
GCA_001939725.1_00448	Same_contig
GCA_002156525.1_00416	Not_in_prophage
GCA_001735565.1_02511	Not_in_prophage
GCA_007623975.1_02015	Not_in_prophage
GCA_001939755.1_02827	Not_in_prophage
GCA_005636015.1_03287	Not_in_prophage
GCA_008084425.1_00288	Not_in_prophage
GCA_008083635.1_00657	Not_in_prophage
GCA_013369335.1_00574	Not_in_prophage
GCA_001857155.1_02408	Not_in_prophage
GCA_000348345.2_02208	Not_in_prophage
GCA_006802345.1_03414	Not_in_prophage
GCA_006802655.1_01493	Not_in_prophage
GCA_003348755.1_01033	Not_in_prophage
GCA_006802685.1_01093	Not_in_prophage
GCA_002114205.1_02416	Not_in_prophage
GCA_021166955.1_03128	Not_in_prophage
GCA_002284185.1_01624	Not_in_prophage
GCA_006802635.1_02711	Not_in_prophage
GCA_006802575.1_01821	Not_in_prophage
GCA_008083255.1_02369	Not_in_prophage
GCA_024346955.1_03613	Same_contig
GCA_001660505.2_03683	Not_in_prophage
GCA_002257545.1_02301	Not_in_prophage
GCA_002196515.1_03682	Same_contig
GCA_014694535.1_03524	Not_in_prophage
GCA_014083925.1_04099	Same_contig
GCA_001506075.1_03386	Same_contig
GCA_024347115.1_03826	Same_contig
GCA_000711805.1_00932	Not_in_prophage
GCA_013113825.1_01797	Not_in_prophage
GCA_024346955.1_03598	In_prophage
GCA_014083925.1_04112	Same_contig
GCA_000711805.1_01405	Not_in_prophage
GCA_001506075.1_03374	Same_contig
GCA_024347135.1_03933	Same_contig
GCA_024347135.1_03917	Same_contig
GCA_003937805.1_00497	Not_in_prophage
GCA_013074385.2_01938	Not_in_prophage
GCA_001188205.1_04457	Not_in_prophage
GCA_013214045.1_04373	Not_in_prophage
GCA_000967495.1_03991	Not_in_prophage
GCA_000772065.1_02991	Same_contig
GCA_013364385.1_00221	Same_contig
GCA_002073995.1_00438	Same_contig
GCA_013266565.1_00550	Same_contig
GCA_013266615.1_01529	Not_in_prophage
GCA_020686745.1_00432	Not_in_prophage
GCA_017051655.1_03883	Not_in_prophage
GCA_000706945.2_04288	Not_in_prophage
GCA_022343145.1_01869	Same_contig
GCA_024748515.1_02535	Same_contig
GCA_017313565.1_04604	Not_in_prophage
GCA_000723485.1_03616	Not_in_prophage
GCA_018860525.1_00204	In_prophage
GCA_000723805.1_02872	Same_contig
GCA_000222685.2_02416	Not_in_prophage
GCA_000967475.1_04526	Not_in_prophage
GCA_022398095.1_03537	Not_in_prophage
GCA_003350295.1_00296	Not_in_prophage
GCA_001939755.1_03997	Not_in_prophage
GCA_001597655.1_04218	Same_contig
GCA_008369625.1_02854	Not_in_prophage
GCA_000967465.2_02160	Not_in_prophage
GCA_009763805.1_04585	Same_contig
GCA_002073065.1_04221	Not_in_prophage
GCA_017290495.1_02074	Not_in_prophage
GCA_020251815.1_03076	Not_in_prophage
GCA_016094345.1_01483	Not_in_prophage
GCA_022398025.1_02357	Not_in_prophage
GCA_022398215.1_01457	Not_in_prophage
GCA_009665455.1_04010	Not_in_prophage
GCA_002903545.1_01505	Not_in_prophage
GCA_020251865.1_02397	Not_in_prophage
GCA_022289285.1_02977	Not_in_prophage
GCA_001854765.1_03745	In_prophage
GCA_009676865.1_00122	Same_contig
GCA_001695575.1_00524	Same_contig
GCA_013155105.1_01943	Not_in_prophage
GCA_022290955.1_03009	Not_in_prophage
GCA_002933855.1_03523	Not_in_prophage
GCA_003970425.1_04866	Not_in_prophage
GCA_019977755.1_05085	Same_contig
GCA_913020605.1_01418	Not_in_prophage
GCA_013114615.1_00252	Not_in_prophage
GCA_018860525.1_00450	Not_in_prophage
GCA_002933855.1_05723	Not_in_prophage
GCA_000967475.1_05292	Not_in_prophage
GCA_000723605.1_02019	Same_contig
GCA_900005135.1_01549	Not_in_prophage
GCA_000723485.1_01101	Not_in_prophage
GCA_000222685.2_04360	Not_in_prophage
GCA_013114065.1_02687	Not_in_prophage
GCA_000723805.1_01124	Same_contig
GCA_019904195.1_04761	Same_contig
GCA_000723765.1_02201	Same_contig
GCA_012274905.1_03229	In_prophage
GCA_000743155.1_03628	In_prophage
GCA_006373845.1_03245	In_prophage
GCA_003856525.1_03797	Not_in_prophage
GCA_014833085.1_03355	In_prophage
GCA_024743875.1_04208	In_prophage
GCA_006372185.1_01771	In_prophage
GCA_023161825.1_03205	In_prophage
GCA_013368735.1_00763	In_prophage
GCA_024744495.1_00692	In_prophage
GCA_022343105.1_01711	In_prophage
GCA_024747745.1_00368	In_prophage
GCA_001909305.1_03236	In_prophage
GCA_013266615.1_04152	Not_in_prophage
GCA_000461895.1_01557	Not_in_prophage
GCA_013369295.1_04060	In_prophage
GCA_020686745.1_02208	Not_in_prophage
GCA_024747075.1_01694	In_prophage
GCA_024744275.1_00254	In_prophage
GCA_000176135.1_02497	Not_in_prophage
GCA_023716545.1_04288	Not_in_prophage
GCA_002286405.1_02071	Not_in_prophage
GCA_022398095.1_00531	Same_contig
GCA_013114385.1_01376	Not_in_prophage
GCA_002286655.1_01786	Not_in_prophage
GCA_000967465.2_04607	Same_contig
GCA_000772065.1_04708	Same_contig
GCA_000740665.1_01111	Same_contig
GCA_013113905.1_01950	Not_in_prophage
GCA_013266565.1_02800	Not_in_prophage
GCA_001693615.1_03988	Same_contig
GCA_013113835.1_01777	Not_in_prophage
GCA_000763535.1_03349	Not_in_prophage
GCA_001297935.1_00072	Not_in_prophage
GCA_002742585.1_02986	Same_contig
GCA_013266555.1_00826	Not_in_prophage
GCA_002287625.1_02129	Not_in_prophage
GCA_000195475.2_03447	Not_in_prophage
GCA_013113815.1_02037	Not_in_prophage
GCA_002100145.1_01375	Not_in_prophage
GCA_023634655.1_04475	Not_in_prophage
GCA_024347295.1_03502	Not_in_prophage
GCA_003263775.1_00856	Not_in_prophage
GCA_006373935.1_04611	Not_in_prophage
GCA_003726935.1_04062	Not_in_prophage
GCA_003263785.1_00030	Not_in_prophage
GCA_013459835.1_02822	Same_contig
GCA_903995475.1_03746	Not_in_prophage
GCA_024744595.1_03183	Not_in_prophage
GCA_921292975.1_02815	Not_in_prophage
GCA_002156525.1_04564	Not_in_prophage
GCA_011806575.1_02849	Not_in_prophage
GCA_024362845.1_04126	Not_in_prophage
GCA_011806575.1_02853	Not_in_prophage
GCA_013114515.1_02588	Not_in_prophage
GCA_024347575.1_04248	Not_in_prophage
GCA_013114105.1_02154	Same_contig
GCA_013114105.1_02158	Same_contig
GCA_014050145.1_00786	Not_in_prophage
GCA_001274785.1_00789	Not_in_prophage
GCA_001274785.1_00793	Not_in_prophage
GCA_003263775.1_01445	Not_in_prophage
GCA_023716585.1_03947	Not_in_prophage
GCA_022398095.1_02029	In_prophage
GCA_015278125.1_04149	Not_in_prophage
GCA_001939685.1_03787	Not_in_prophage
GCA_003790425.1_01346	Not_in_prophage
GCA_017917465.1_04457	In_prophage
GCA_002150465.1_00946	In_prophage
GCA_001854765.1_04490	Not_in_prophage
GCA_006371565.1_03988	In_prophage
GCA_024529975.1_04781	Same_contig
GCA_003085735.1_04989	In_prophage
GCA_015163615.1_04752	In_prophage
GCA_003569005.1_00597	Not_in_prophage
GCA_024347675.1_04241	Not_in_prophage
GCA_000496695.1_00939	Not_in_prophage
GCA_000830455.1_06492	Not_in_prophage
GCA_000830415.1_02312	Not_in_prophage
GCA_000286975.2_00743	Not_in_prophage
GCA_001675945.1_02664	Not_in_prophage
GCA_006538565.1_02445	Not_in_prophage
GCA_022397975.1_03495	In_prophage
GCA_006372785.1_02454	In_prophage
GCA_010587385.1_03910	Not_in_prophage
GCA_002876375.1_02258	Not_in_prophage
GCA_006538525.1_02643	Not_in_prophage
GCA_002875445.1_01047	Not_in_prophage
GCA_021441885.1_03871	Not_in_prophage
GCA_002873395.1_01329	Not_in_prophage
GCA_000467185.1_02193	Not_in_prophage
GCA_009372095.1_02929	Not_in_prophage
GCA_000830475.1_05198	Not_in_prophage
GCA_000755365.1_05505	Not_in_prophage
GCA_000755365.1_00923	Not_in_prophage
GCA_001677275.1_04111	Not_in_prophage
GCA_900089835.1_04549	Not_in_prophage
GCA_024347075.1_01879	Not_in_prophage
GCA_002873675.1_01998	Not_in_prophage
GCA_002876625.1_01797	Not_in_prophage
GCA_002873525.1_03635	Not_in_prophage
GCA_023716585.1_03999	Not_in_prophage
GCA_002873395.1_02096	Not_in_prophage
GCA_001677275.1_03686	Not_in_prophage
GCA_021441885.1_03872	Not_in_prophage
GCA_002874645.1_02298	Not_in_prophage
GCA_002876195.1_01888	Not_in_prophage
GCA_003263785.1_02477	Not_in_prophage
GCA_003263775.1_05848	Not_in_prophage
GCA_002874725.1_01132	Not_in_prophage
GCA_024346875.1_03130	Same_contig
GCA_000280885.2_00409	Not_in_prophage
GCA_000755425.1_04906	Not_in_prophage
GCA_010587385.1_03983	Not_in_prophage
GCA_002873395.1_02825	Not_in_prophage
GCA_001677275.1_04110	Not_in_prophage
GCA_000755365.1_07183	Not_in_prophage
GCA_005146655.1_03011	Not_in_prophage
GCA_002877305.1_01997	Not_in_prophage
GCA_002873195.1_02855	Not_in_prophage
GCA_002875195.1_00169	Not_in_prophage
GCA_013114045.1_04252	Not_in_prophage
GCA_016900875.1_02288	Not_in_prophage
GCA_005146805.1_03160	Not_in_prophage
GCA_000755405.1_06233	Not_in_prophage
GCA_000400225.1_01455	Not_in_prophage
GCA_002875185.1_01189	Not_in_prophage
GCA_002873435.1_02903	Not_in_prophage
GCA_002875355.1_02581	Not_in_prophage
GCA_000189275.2_02777	Not_in_prophage
GCA_021654215.1_02984	Not_in_prophage
GCA_000834095.1_01715	Not_in_prophage
GCA_013154935.1_00932	Not_in_prophage
GCA_003544875.1_01094	Not_in_prophage
GCA_003415655.1_00547	Not_in_prophage
GCA_001557775.1_02696	Not_in_prophage
GCA_002929935.1_03672	Not_in_prophage
GCA_024746155.1_04234	Not_in_prophage
GCA_000400325.1_01257	Not_in_prophage
GCA_002875385.1_03697	Not_in_prophage
GCA_002021755.1_00523	Not_in_prophage
GCA_013114245.1_00876	Not_in_prophage
GCA_000755385.1_02764	Not_in_prophage
GCA_019670485.1_01773	Not_in_prophage
GCA_019670025.1_01089	Not_in_prophage
GCA_000817825.1_00612	Not_in_prophage
GCA_000400365.1_04829	Not_in_prophage
GCA_013114545.1_03572	Not_in_prophage
GCA_002877085.1_02719	Not_in_prophage
GCA_000829635.1_03527	Not_in_prophage
GCA_002929985.1_02765	Not_in_prophage
GCA_000818415.1_03472	Not_in_prophage
GCA_001012815.1_04544	Not_in_prophage
GCA_000400385.1_03599	Not_in_prophage
GCA_001310575.2_02200	Same_contig
GCA_002929945.1_04249	Not_in_prophage
GCA_016464115.1_01430	Not_in_prophage
GCA_016464195.1_02310	Not_in_prophage
GCA_013114295.1_04169	Not_in_prophage
GCA_013114355.1_00909	Not_in_prophage
GCA_023716625.1_01079	Not_in_prophage
GCA_002954525.1_00344	Not_in_prophage
GCA_000305755.2_02145	Not_in_prophage
GCA_000829615.1_00182	Not_in_prophage
GCA_000400285.1_03938	Not_in_prophage
GCA_000834075.1_00459	Not_in_prophage
GCA_000699205.1_06851	Not_in_prophage
GCA_903995475.1_00218	Not_in_prophage
GCA_000829735.1_03787	Not_in_prophage
GCA_001557945.1_03093	Not_in_prophage
GCA_022347645.1_00451	Not_in_prophage
GCA_014525195.1_00510	Not_in_prophage
GCA_016464085.1_01328	Not_in_prophage
GCA_023716605.1_01200	Same_contig
GCA_000770115.2_01379	Same_contig
GCA_013459835.1_00431	Same_contig
GCA_001050875.1_01765	Not_in_prophage
GCA_003691545.1_01883	Not_in_prophage
GCA_903986935.1_00586	Not_in_prophage
GCA_001185585.1_03361	Not_in_prophage
GCA_001908435.2_00354	Same_contig
GCA_016464175.1_04123	Not_in_prophage
GCA_003203495.1_02667	Not_in_prophage
GCA_000182685.1_03824	Not_in_prophage
GCA_000400245.1_03768	Not_in_prophage
GCA_000818375.1_03159	Not_in_prophage
GCA_000818275.1_04451	Not_in_prophage
GCA_000400305.1_05077	Not_in_prophage
GCA_004349325.1_01836	Not_in_prophage
GCA_001185545.1_04001	Not_in_prophage
GCA_016464165.1_04085	Not_in_prophage
GCA_000259935.1_03710	Not_in_prophage
GCA_001262745.1_04928	Not_in_prophage
GCA_016464265.1_03776	Not_in_prophage
GCA_001310735.1_02549	Not_in_prophage
GCA_001185575.1_02673	Not_in_prophage
GCA_001185465.1_01347	Not_in_prophage
GCA_000275705.1_00340	Not_in_prophage
GCA_024531115.1_01973	Not_in_prophage
GCA_019800715.1_01303	Not_in_prophage
GCA_000305715.2_03524	Not_in_prophage
GCA_002873195.1_00118	Not_in_prophage
GCA_023716585.1_04007	Not_in_prophage
GCA_000347555.1_03680	Not_in_prophage
GCA_000755385.1_02753	Not_in_prophage
GCA_021441885.1_03864	Not_in_prophage
GCA_000755405.1_06244	Not_in_prophage
GCA_013113915.1_04214	Not_in_prophage
GCA_023476095.1_04705	Not_in_prophage
GCA_000442925.1_01231	Not_in_prophage
GCA_022397775.1_01770	Not_in_prophage
GCA_024745675.1_02504	Not_in_prophage
GCA_003334845.1_03240	Not_in_prophage
GCA_000181535.1_03875	Not_in_prophage
GCA_021568915.1_00592	Not_in_prophage
GCA_000695745.1_02412	Not_in_prophage
GCA_009184745.1_02075	Not_in_prophage
GCA_001185495.1_03809	Not_in_prophage
GCA_023716845.1_04551	Same_contig
GCA_014525215.1_04075	Same_contig
GCA_022397735.1_04792	Not_in_prophage
GCA_013364395.1_04983	Not_in_prophage
GCA_003726935.1_04026	Not_in_prophage
GCA_000733315.1_02861	Not_in_prophage
GCA_900089835.1_03624	Not_in_prophage
GCA_024347575.1_04064	Not_in_prophage
GCA_022397715.1_03146	Not_in_prophage
GCA_000256265.2_01399	Same_contig
GCA_002873235.1_04535	Not_in_prophage
GCA_001974575.1_04075	Not_in_prophage
GCA_001591125.1_00465	Not_in_prophage
GCA_024347435.1_01305	Not_in_prophage
GCA_000247005.2_01161	Not_in_prophage
GCA_000256325.2_01012	Not_in_prophage
GCA_000256095.2_04321	Not_in_prophage
GCA_002873015.1_00379	Not_in_prophage
GCA_022397655.1_00331	Same_contig
GCA_003030845.1_04989	Not_in_prophage
GCA_002874385.1_04392	Not_in_prophage
GCA_002873345.1_01421	Not_in_prophage
GCA_903995485.1_00092	Not_in_prophage
GCA_000256205.2_03228	Not_in_prophage
GCA_022432925.1_03124	Not_in_prophage
GCA_001558055.1_03853	Not_in_prophage
GCA_022397675.1_03651	Not_in_prophage
GCA_013113965.1_01420	Not_in_prophage
GCA_013114145.1_03690	Not_in_prophage
GCA_022397535.1_02070	Not_in_prophage
GCA_024362845.1_03525	Not_in_prophage
GCA_019845595.1_01004	Not_in_prophage
GCA_000256185.2_00192	Same_contig
GCA_003408655.1_04980	Same_contig
GCA_009363355.1_03117	Not_in_prophage
GCA_013114115.1_04523	Not_in_prophage
GCA_008756925.1_02675	Same_contig
GCA_022397755.1_03375	Not_in_prophage
GCA_002954555.1_00902	Same_contig
GCA_000695685.1_03781	Not_in_prophage
GCA_022398115.1_04014	Not_in_prophage
GCA_001048475.1_03520	Same_contig
GCA_000169995.1_00769	Not_in_prophage
GCA_004342705.1_00495	Not_in_prophage
GCA_017917835.1_03361	In_prophage
GCA_001368895.1_01745	Not_in_prophage
GCA_004022545.1_01411	Not_in_prophage
GCA_004345555.1_00853	Not_in_prophage
GCA_004346625.1_00130	Same_contig
GCA_017916725.1_01936	Not_in_prophage
GCA_001048515.1_00545	Not_in_prophage
GCA_004340345.1_00535	Same_contig
GCA_017916835.1_04069	Not_in_prophage
GCA_004345525.1_00574	Not_in_prophage
GCA_004346345.1_00013	Same_contig
GCA_003814845.1_01702	Same_contig
GCA_003751095.1_00485	Not_in_prophage
GCA_000316985.1_03925	Not_in_prophage
GCA_017918055.1_00969	Not_in_prophage
GCA_004342765.1_03319	Not_in_prophage
GCA_001368855.1_01651	Not_in_prophage
GCA_003814675.1_02545	Not_in_prophage
GCA_023206395.1_00099	Same_contig
GCA_003751235.1_00981	Same_contig
GCA_004341745.1_00945	Same_contig
GCA_001048495.1_02336	Not_in_prophage
GCA_013114165.1_03790	Not_in_prophage
GCA_013114515.1_03388	Not_in_prophage
GCA_004342815.1_04706	Not_in_prophage
GCA_004340845.1_00148	Not_in_prophage
GCA_009906085.1_01982	Not_in_prophage
GCA_001244175.1_01595	Not_in_prophage
GCA_022397555.1_02177	Same_contig
GCA_001243825.1_03639	Not_in_prophage
GCA_003751145.1_01302	Not_in_prophage
GCA_001262155.1_04512	Not_in_prophage
GCA_001244075.1_02417	Not_in_prophage
GCA_024347595.1_01905	Same_contig
GCA_003751205.1_00143	Not_in_prophage
GCA_023161685.1_04421	Same_contig
GCA_022397915.1_00789	Not_in_prophage
GCA_005146615.1_00101	Not_in_prophage
GCA_000272085.2_02255	Not_in_prophage
GCA_001048655.1_03177	Same_contig
GCA_002078155.1_04398	Not_in_prophage
GCA_002156475.1_04074	Not_in_prophage
GCA_023161725.1_01739	Not_in_prophage
GCA_023221655.1_00166	Not_in_prophage
GCA_001243675.1_02742	Not_in_prophage
GCA_001557855.1_02160	Not_in_prophage
GCA_002877735.1_01965	Not_in_prophage
GCA_902751245.1_02301	Same_contig
GCA_002877155.1_00630	Not_in_prophage
GCA_002156525.1_00812	Not_in_prophage
GCA_001048595.1_04691	Not_in_prophage
GCA_001243545.1_02721	Not_in_prophage
GCA_002156455.1_01741	Not_in_prophage
GCA_001243385.1_02063	Same_contig
GCA_002876365.1_03238	Same_contig
GCA_000272045.2_03721	Not_in_prophage
GCA_000272065.2_01482	Not_in_prophage
GCA_020806245.1_00643	Not_in_prophage
GCA_003050255.1_04695	Not_in_prophage
GCA_003049905.1_02321	Not_in_prophage
GCA_005146495.1_00479	Not_in_prophage
GCA_002876185.1_02260	Not_in_prophage
GCA_001691235.1_01538	Not_in_prophage
GCA_004342865.1_04521	Not_in_prophage
GCA_900379685.1_02526	Not_in_prophage
GCA_000983095.1_00663	Not_in_prophage
GCA_003049975.1_00678	Not_in_prophage
GCA_000272105.2_02645	Not_in_prophage
GCA_001048635.1_01191	Same_contig
GCA_023161755.1_01815	Not_in_prophage
GCA_002875045.1_04792	Not_in_prophage
GCA_003050125.1_04147	Not_in_prophage
GCA_002876665.1_04019	Not_in_prophage
GCA_003050005.1_00691	Not_in_prophage
GCA_002875305.1_03012	Not_in_prophage
GCA_000272185.2_01649	Not_in_prophage
GCA_900183395.1_02135	Same_contig
GCA_000153005.1_02259	Same_contig
GCA_000272265.2_02779	Not_in_prophage
GCA_002875145.1_00142	Not_in_prophage
GCA_002873485.1_02045	Not_in_prophage
GCA_022811945.1_02724	Same_contig
GCA_020806315.1_04057	Not_in_prophage
GCA_003667985.1_03070	Not_in_prophage
GCA_001974565.1_03730	Not_in_prophage
GCA_015163555.1_01145	Same_contig
GCA_002876785.1_03734	Not_in_prophage
GCA_003573805.1_01323	Not_in_prophage
GCA_022812045.1_03164	Same_contig
GCA_003050385.1_03232	Not_in_prophage
GCA_003050025.1_03597	Not_in_prophage
GCA_003050245.1_02613	Not_in_prophage
GCA_003050205.1_00880	Not_in_prophage
GCA_002874245.1_03441	Not_in_prophage
GCA_002873565.1_03265	Not_in_prophage
GCA_002875585.1_04254	Not_in_prophage
GCA_002876045.1_01994	Not_in_prophage
GCA_003049965.1_02950	Not_in_prophage
GCA_023503985.1_02194	Same_contig
GCA_002877525.1_03970	Not_in_prophage
GCA_003345295.1_01513	Not_in_prophage
GCA_007786305.1_04837	Not_in_prophage
GCA_003049855.1_03227	Not_in_prophage
GCA_013114425.1_02163	Not_in_prophage
GCA_001676015.1_00087	Not_in_prophage
GCA_018729395.1_04083	Not_in_prophage
GCA_018860405.1_02476	Not_in_prophage
GCA_003050355.1_00526	Not_in_prophage
GCA_002875495.1_04356	Not_in_prophage
GCA_001675955.1_01862	Not_in_prophage
GCA_002874165.1_00793	Not_in_prophage
GCA_020806225.1_02205	Same_contig
GCA_007858915.1_02082	Not_in_prophage
GCA_001306195.1_03311	Not_in_prophage
GCA_021728355.1_04132	Not_in_prophage
GCA_002875995.1_04989	Not_in_prophage
GCA_007786255.1_03860	Not_in_prophage
GCA_013114485.1_04634	Not_in_prophage
GCA_002876945.2_00081	Same_contig
GCA_023205975.1_00070	Same_contig
GCA_013114445.1_02501	Not_in_prophage
GCA_002875005.1_01634	Not_in_prophage
GCA_023206015.1_01169	Same_contig
GCA_000272225.2_01194	Not_in_prophage
GCA_001558015.1_01885	Not_in_prophage
GCA_021728315.1_03687	Same_contig
GCA_002875395.1_04103	Not_in_prophage
GCA_003049845.1_01987	Not_in_prophage
GCA_002876565.1_01484	Not_in_prophage
GCA_004764665.1_04989	Not_in_prophage
GCA_002872895.1_02859	Not_in_prophage
GCA_003050225.1_01104	Same_contig
GCA_000272325.2_02478	Not_in_prophage
GCA_002874795.1_03505	Not_in_prophage
GCA_000272125.2_00943	Not_in_prophage
GCA_003050465.1_04555	Not_in_prophage
GCA_003049945.1_02573	Not_in_prophage
GCA_001306215.1_01080	Not_in_prophage
GCA_003732565.1_04450	Not_in_prophage
GCA_002873735.1_01561	Not_in_prophage
GCA_017653565.1_01837	Not_in_prophage
GCA_000272285.1_03559	Not_in_prophage
GCA_002876745.1_00195	Not_in_prophage
GCA_003050165.1_00005	Not_in_prophage
GCA_002872775.1_02931	Not_in_prophage
GCA_002873645.1_03650	Not_in_prophage
GCA_002874335.1_01461	Not_in_prophage
GCA_024518815.1_02188	Not_in_prophage
GCA_003050445.1_04323	Not_in_prophage
GCA_002877315.1_00688	Not_in_prophage
GCA_003050425.1_03778	Not_in_prophage
GCA_003050145.1_00581	Not_in_prophage
GCA_002873695.1_01687	Not_in_prophage
GCA_003050545.1_00606	Not_in_prophage
GCA_002875345.1_04024	Not_in_prophage
GCA_003049925.1_01260	Not_in_prophage
GCA_001691275.1_02763	Not_in_prophage
GCA_020806295.1_01563	Not_in_prophage
GCA_002876825.1_00608	Not_in_prophage
GCA_900089845.1_00501	Not_in_prophage
GCA_015163615.1_03745	Not_in_prophage
GCA_018682735.1_02640	Not_in_prophage
GCA_005146815.1_03791	Not_in_prophage
GCA_000272305.2_02265	Not_in_prophage
GCA_002877225.1_03075	Not_in_prophage
GCA_000272205.2_00192	Not_in_prophage
GCA_003050285.1_02041	Not_in_prophage
GCA_003050485.1_01620	Not_in_prophage
GCA_003050345.1_00599	Not_in_prophage
GCA_000272245.2_00438	Same_contig
GCA_019846895.1_03808	Not_in_prophage
GCA_000272345.2_00819	Not_in_prophage
GCA_001486525.1_02839	Not_in_prophage
GCA_001974605.1_02814	Same_contig
GCA_002874085.1_00691	Same_contig
GCA_002875945.1_04875	Not_in_prophage
GCA_002876225.1_03915	Not_in_prophage
GCA_002874515.1_03014	Same_contig
GCA_002873475.1_01176	Not_in_prophage
GCA_002877415.1_04698	Not_in_prophage
GCA_001675865.1_00911	Not_in_prophage
GCA_002873265.1_01580	Not_in_prophage
GCA_002874235.1_01692	Not_in_prophage
GCA_002874435.1_01570	Not_in_prophage
GCA_002875625.1_00826	Not_in_prophage
GCA_002700025.1_02952	Same_contig
GCA_003751925.1_00669	Not_in_prophage
GCA_002875745.1_04393	Not_in_prophage
GCA_002876255.1_03902	Not_in_prophage
GCA_002874485.1_00126	Not_in_prophage
GCA_002872535.2_02550	Not_in_prophage
GCA_005146775.1_00472	Not_in_prophage
GCA_900382755.1_04674	Not_in_prophage
GCA_002875965.1_02058	Same_contig
GCA_014878155.1_00413	Not_in_prophage
GCA_002874115.1_02380	Not_in_prophage
GCA_011090175.1_00049	Not_in_prophage
GCA_005145915.1_02576	Not_in_prophage
GCA_913054505.1_00365	Same_contig
GCA_944738855.1_00025	Not_in_prophage
GCA_001267945.1_00629	Not_in_prophage
GCA_000830435.1_06302	Not_in_prophage
GCA_024347675.1_04363	Not_in_prophage
GCA_011090235.1_01503	Not_in_prophage
GCA_002876105.1_05363	Not_in_prophage
GCA_002873075.1_00150	Not_in_prophage
GCA_000830415.1_02033	Not_in_prophage
GCA_002877365.1_02138	Not_in_prophage
GCA_000830475.1_00896	Not_in_prophage
GCA_000830455.1_01462	Not_in_prophage
GCA_000467185.1_01679	Not_in_prophage
GCA_009372095.1_01916	Not_in_prophage
GCA_024346975.1_03260	Not_in_prophage
GCA_024347075.1_02676	Not_in_prophage
GCA_000496695.1_01149	Not_in_prophage
GCA_002876195.1_01126	Not_in_prophage
GCA_006538525.1_01024	Not_in_prophage
GCA_006538565.1_00427	Not_in_prophage
GCA_002876625.1_02001	Not_in_prophage
GCA_000496695.1_02991	Not_in_prophage
GCA_921292975.1_03680	Not_in_prophage
GCA_002876765.1_03020	Not_in_prophage
GCA_000280885.2_03086	Not_in_prophage
GCA_024347075.1_00720	Not_in_prophage
GCA_009372095.1_02749	Not_in_prophage
GCA_000467185.1_01104	Not_in_prophage
GCA_024346975.1_00743	Same_contig
GCA_006538525.1_02833	Not_in_prophage
GCA_002876625.1_02507	Not_in_prophage
GCA_006538565.1_02699	Not_in_prophage
GCA_002875355.1_03080	Not_in_prophage
GCA_000286975.2_00794	Not_in_prophage
GCA_001675945.1_02559	Not_in_prophage
GCA_001675945.1_01576	Not_in_prophage
GCA_001675945.1_01608	Not_in_prophage
GCA_024347075.1_03420	Not_in_prophage
GCA_009938185.1_03218	Not_in_prophage
GCA_002873525.1_02374	Not_in_prophage
GCA_001675945.1_01314	Not_in_prophage
GCA_002873395.1_01949	Not_in_prophage
GCA_000827875.1_01873	Not_in_prophage
GCA_002876115.1_02067	Not_in_prophage
GCA_002874645.1_03746	Not_in_prophage
GCA_001691285.1_01320	Not_in_prophage
GCA_024346795.1_03654	Not_in_prophage
GCA_000286955.2_02749	Not_in_prophage
GCA_002873195.1_02605	Not_in_prophage
GCA_002875445.1_03244	Not_in_prophage
GCA_023716585.1_01016	Same_contig
GCA_022397975.1_00269	Not_in_prophage
GCA_024347075.1_03421	Not_in_prophage
GCA_024346975.1_01758	Same_contig
GCA_003569005.1_01289	Not_in_prophage
GCA_002873675.1_02444	Not_in_prophage
GCA_003569005.1_00966	Not_in_prophage
GCA_024347475.1_03242	Not_in_prophage
GCA_024347475.1_03243	Not_in_prophage
GCA_009372095.1_00451	Not_in_prophage
GCA_000496695.1_03089	Not_in_prophage
GCA_023634655.1_00859	Not_in_prophage
GCA_000467185.1_01312	Not_in_prophage
GCA_009372095.1_01447	Not_in_prophage
GCA_000496695.1_01251	Not_in_prophage
GCA_024346975.1_02863	Not_in_prophage
GCA_024347075.1_03419	Not_in_prophage
GCA_024346875.1_01293	Not_in_prophage
GCA_024346875.1_01294	Not_in_prophage
GCA_000286975.2_02015	Not_in_prophage
GCA_000280885.2_03210	Not_in_prophage
GCA_002876495.1_03717	Not_in_prophage
GCA_002873525.1_00573	Not_in_prophage
GCA_002876115.1_01820	Not_in_prophage
GCA_024347075.1_03423	Not_in_prophage
GCA_002876535.1_03003	Not_in_prophage
GCA_005146805.1_01517	Not_in_prophage
GCA_921292975.1_03752	Not_in_prophage
GCA_002877285.1_01159	Not_in_prophage
GCA_009874545.1_03686	Not_in_prophage
GCA_015686695.1_03420	Same_contig
GCA_016900875.1_00442	Not_in_prophage
GCA_021272385.1_00964	Same_contig
GCA_001547935.1_03481	Not_in_prophage
GCA_024347055.1_02019	In_prophage
GCA_002100145.1_01381	Not_in_prophage
GCA_903986915.1_00784	Not_in_prophage
GCA_001677275.1_01507	Not_in_prophage
GCA_020171485.1_03126	Not_in_prophage
GCA_009874545.1_00717	Not_in_prophage
GCA_024347055.1_04643	Not_in_prophage
GCA_024346755.1_04619	Same_contig
GCA_000222585.2_02944	Not_in_prophage
GCA_004804295.1_03661	Not_in_prophage
GCA_903986855.1_00809	Not_in_prophage
GCA_019226825.1_03646	Not_in_prophage
GCA_024529975.1_01795	Same_contig
GCA_000711805.1_02211	Not_in_prophage
GCA_024346995.1_01844	Not_in_prophage
GCA_024347115.1_00195	Same_contig
GCA_001506075.1_00159	Same_contig
GCA_024346955.1_03034	Same_contig
GCA_014083925.1_00216	Same_contig
GCA_024347135.1_00231	Same_contig
GCA_002196515.1_01987	Same_contig
GCA_023920225.1_00183	Same_contig
GCA_024346755.1_01978	Same_contig
GCA_024346755.1_04443	Same_contig
GCA_024346755.1_04395	Same_contig
GCA_024346755.1_01040	Same_contig
GCA_009874545.1_02276	Not_in_prophage
GCA_024346755.1_04288	Same_contig
GCA_009874545.1_04667	Not_in_prophage
GCA_024346995.1_03135	Not_in_prophage
GCA_024346995.1_03136	Not_in_prophage
GCA_024347055.1_03861	Not_in_prophage
GCA_001547935.1_01158	Same_contig
GCA_015686695.1_03681	Same_contig
GCA_024529975.1_04193	Same_contig
GCA_024347055.1_04557	Not_in_prophage
GCA_024529975.1_02229	Same_contig
GCA_001547935.1_00477	Same_contig
GCA_021272385.1_02906	Same_contig
GCA_024529975.1_04528	Same_contig
GCA_009874545.1_00542	Not_in_prophage
GCA_015686695.1_03842	Same_contig
GCA_001547935.1_00957	Same_contig
GCA_024347055.1_04072	Not_in_prophage
GCA_024346995.1_02947	Not_in_prophage
GCA_020171485.1_03615	Not_in_prophage
GCA_003716875.1_00110	Not_in_prophage
GCA_900100015.1_04107	Not_in_prophage
GCA_003856525.1_00216	Not_in_prophage
GCA_900100015.1_02719	Not_in_prophage
GCA_003716875.1_00280	Not_in_prophage
GCA_900100015.1_01293	Not_in_prophage
GCA_900100015.1_03055	Not_in_prophage
GCA_011064285.1_03289	Same_contig
GCA_011064285.1_00211	Same_contig
GCA_011064285.1_00210	Same_contig
GCA_020216145.1_00704	Not_in_prophage
GCA_020216145.1_02834	Not_in_prophage
GCA_002934045.1_01908	Not_in_prophage
GCA_002892785.1_01933	Not_in_prophage
GCA_013041605.1_03947	Not_in_prophage
GCA_000426765.1_01621	Not_in_prophage
GCA_014694375.1_01698	Not_in_prophage
GCA_014897125.1_02760	Not_in_prophage
GCA_019091805.1_02146	Not_in_prophage
GCA_024346755.1_02305	Same_contig
GCA_001506075.1_01916	Same_contig
GCA_024347115.1_01163	Same_contig
GCA_002196515.1_02875	Same_contig
GCA_900100015.1_03172	Not_in_prophage
GCA_014305065.1_02444	Not_in_prophage
GCA_019092345.1_01129	Not_in_prophage
GCA_900100015.1_03174	Not_in_prophage
GCA_019092425.1_01297	Not_in_prophage
GCA_024529975.1_01393	Same_contig
GCA_024346955.1_01201	Same_contig
GCA_001547935.1_02655	Not_in_prophage
GCA_024346755.1_03877	Same_contig
GCA_024529975.1_04152	Same_contig
GCA_001547935.1_01708	Not_in_prophage
GCA_011064285.1_03572	Same_contig
GCA_024346755.1_03773	Same_contig
GCA_024346955.1_02427	Same_contig
GCA_000711805.1_03455	Not_in_prophage
GCA_023920225.1_02033	Same_contig
GCA_014083925.1_02170	Same_contig
GCA_024347135.1_02327	In_prophage
GCA_024347055.1_01098	Same_contig
GCA_011064285.1_00896	Same_contig
GCA_002934045.1_00267	Same_contig
GCA_003522385.1_00636	Not_in_prophage
GCA_009874545.1_00366	Not_in_prophage
GCA_015686695.1_02287	Same_contig
GCA_024347055.1_00101	Same_contig
GCA_020216145.1_00821	Not_in_prophage
GCA_024529975.1_04883	Same_contig
GCA_001547935.1_00259	Same_contig
GCA_020216145.1_01788	Not_in_prophage
GCA_024347055.1_04763	Not_in_prophage
GCA_009874545.1_04637	Not_in_prophage
GCA_015686695.1_03708	Same_contig
GCA_024346955.1_03487	Same_contig
GCA_900100015.1_01910	Not_in_prophage
GCA_002812955.1_01594	Not_in_prophage
GCA_009764215.1_04435	Same_contig
GCA_009763345.1_04622	Same_contig
GCA_017313465.1_02935	Not_in_prophage
GCA_009665335.1_04627	Same_contig
GCA_022289145.1_01943	Not_in_prophage
GCA_016761485.1_00060	Not_in_prophage
GCA_007050385.1_02077	Not_in_prophage
GCA_022290255.1_01340	Not_in_prophage
GCA_022290335.1_04425	Not_in_prophage
GCA_001418695.1_00509	Not_in_prophage
GCA_017604105.1_03091	Not_in_prophage
GCA_001558415.2_00688	Same_contig
GCA_022289865.1_03139	Not_in_prophage
GCA_017604285.1_03110	Not_in_prophage
GCA_016822055.1_01329	Not_in_prophage
GCA_016761735.1_02283	Same_contig
GCA_009763465.1_03628	Same_contig
GCA_001418705.1_01395	Not_in_prophage
GCA_009665355.1_03040	Not_in_prophage
GCA_000754645.1_00760	Not_in_prophage
GCA_016761815.1_02983	Not_in_prophage
GCA_016761685.1_03557	Not_in_prophage
GCA_000176175.1_02276	Same_contig
GCA_009763685.1_03838	Not_in_prophage
GCA_009763005.1_03312	Same_contig
GCA_002953375.1_04005	Same_contig
GCA_021394815.1_04381	Not_in_prophage
GCA_021394895.1_02326	Same_contig
GCA_016761775.1_00062	Not_in_prophage
GCA_002796765.1_03631	Not_in_prophage
GCA_022289365.1_04043	Not_in_prophage
GCA_012275025.1_03254	Same_contig
GCA_000418995.1_02198	Not_in_prophage
GCA_012274945.1_04646	Not_in_prophage
GCA_000799015.1_00612	Not_in_prophage
GCA_024743695.1_03297	Not_in_prophage
GCA_007050345.1_03722	Not_in_prophage
GCA_021394925.1_03546	Not_in_prophage
GCA_011440455.1_03080	Not_in_prophage
GCA_022289895.1_02794	Not_in_prophage
GCA_023920125.1_03604	Same_contig
GCA_022290215.1_02859	Same_contig
GCA_016761675.1_03985	Same_contig
GCA_021395035.1_03893	Same_contig
GCA_011064285.1_03796	Same_contig
GCA_000417625.1_01188	Not_in_prophage
GCA_021394995.1_00369	Not_in_prophage
GCA_000931495.1_03113	Not_in_prophage
GCA_001952955.1_03213	Same_contig
GCA_022290295.1_01157	Not_in_prophage
GCA_000241385.1_04359	Not_in_prophage
GCA_001680065.1_04627	Same_contig
GCA_001680045.1_04321	Not_in_prophage
GCA_000417905.1_03094	Not_in_prophage
GCA_024346755.1_04352	Same_contig
GCA_024346755.1_02804	Same_contig
GCA_023920225.1_02512	Same_contig
GCA_009874545.1_03036	Not_in_prophage
GCA_001506075.1_02441	Same_contig
GCA_009874545.1_02620	Not_in_prophage
GCA_000711805.1_00525	Not_in_prophage
GCA_024346955.1_00667	Same_contig
GCA_024347115.1_00645	Same_contig
GCA_002196515.1_01141	Same_contig
GCA_014083925.1_02681	Same_contig
GCA_024347135.1_02898	Same_contig
GCA_001680085.1_04269	Not_in_prophage
GCA_921292965.1_01046	Not_in_prophage
GCA_003443775.1_04726	Not_in_prophage
GCA_000967495.1_01594	Not_in_prophage
GCA_024529975.1_04700	Same_contig
GCA_024529975.1_03065	Same_contig
GCA_024346955.1_00540	Same_contig
GCA_024529975.1_00646	Same_contig
GCA_024347055.1_02630	Same_contig
GCA_001547935.1_04033	Not_in_prophage
GCA_020216145.1_04668	Not_in_prophage
GCA_015686695.1_00110	Same_contig
GCA_015686695.1_02083	Same_contig
GCA_001547935.1_03400	Not_in_prophage
GCA_020216145.1_02445	Not_in_prophage
GCA_003716875.1_03013	Not_in_prophage
GCA_024346995.1_01758	Not_in_prophage
GCA_017051755.1_00945	Not_in_prophage
GCA_019339365.1_03671	Same_contig
GCA_024347055.1_01933	Same_contig
GCA_024346755.1_00069	Same_contig
GCA_014694375.1_01024	Not_in_prophage
GCA_022290265.1_02367	Not_in_prophage
GCA_003335255.1_02660	Same_contig
GCA_002218025.2_03441	Same_contig
GCA_000426765.1_01639	Not_in_prophage
GCA_002934045.1_00244	Same_contig
GCA_024529975.1_03716	Same_contig
GCA_014897195.1_02666	Not_in_prophage
GCA_014897125.1_02747	Not_in_prophage
GCA_002218045.2_02931	Not_in_prophage
GCA_003522385.1_00663	Not_in_prophage
GCA_000286955.2_00465	Not_in_prophage
GCA_007623795.1_02592	Not_in_prophage
GCA_019092105.1_02617	Not_in_prophage
GCA_014305065.1_02427	Not_in_prophage
GCA_019092345.1_01112	Not_in_prophage
GCA_014267965.1_00292	Not_in_prophage
GCA_019091945.1_02936	Not_in_prophage
GCA_000176155.1_00635	Not_in_prophage
GCA_019092405.1_01123	Not_in_prophage
GCA_011090175.1_03698	Not_in_prophage
GCA_944738855.1_04547	Not_in_prophage
GCA_007050385.1_02362	Not_in_prophage
GCA_001418695.1_00204	Not_in_prophage
GCA_001267945.1_00874	Not_in_prophage
GCA_000176175.1_01981	Same_contig
GCA_022289145.1_01183	Not_in_prophage
GCA_011090235.1_02902	Not_in_prophage
GCA_019092435.1_02499	Not_in_prophage
GCA_011090275.1_03790	Not_in_prophage
GCA_009665335.1_03375	Same_contig
GCA_017313465.1_02660	Not_in_prophage
GCA_022289365.1_03407	Not_in_prophage
GCA_000184325.1_04346	Same_contig
GCA_944739605.1_03283	Not_in_prophage
GCA_000220785.2_02866	Same_contig
GCA_022289185.1_00857	Not_in_prophage
GCA_012274905.1_03939	Same_contig
GCA_009764175.1_03274	Same_contig
GCA_022289035.1_04008	Same_contig
GCA_009763345.1_03404	Same_contig
GCA_016464285.1_03646	Not_in_prophage
GCA_021394315.1_03669	Not_in_prophage
GCA_009665355.1_04022	Not_in_prophage
GCA_022290255.1_04431	Not_in_prophage
GCA_011440455.1_03788	Not_in_prophage
GCA_021249365.1_03482	Same_contig
GCA_021394815.1_02378	Not_in_prophage
GCA_017604105.1_04008	Not_in_prophage
GCA_022289865.1_02054	Not_in_prophage
GCA_023920125.1_01682	Same_contig
GCA_002796765.1_03788	Not_in_prophage
GCA_022290335.1_03142	Not_in_prophage
GCA_009763465.1_04087	Same_contig
GCA_000754645.1_03959	Not_in_prophage
GCA_022290155.1_02962	Not_in_prophage
GCA_000760625.1_01065	Not_in_prophage
GCA_016761535.1_04179	Not_in_prophage
GCA_022290215.1_01918	Not_in_prophage
GCA_021395035.1_02264	Not_in_prophage
GCA_012274945.1_03639	Not_in_prophage
GCA_009763005.1_04367	Same_contig
GCA_022289955.1_03033	Not_in_prophage
GCA_021394925.1_00851	Not_in_prophage
GCA_024743695.1_02069	Not_in_prophage
GCA_021394895.1_02825	Not_in_prophage
GCA_009763685.1_04317	Not_in_prophage
GCA_022290265.1_02785	Not_in_prophage
GCA_022289895.1_02688	Not_in_prophage
GCA_001418705.1_03074	Not_in_prophage
GCA_017604285.1_04025	Not_in_prophage
GCA_000799015.1_02560	Not_in_prophage
GCA_016822055.1_00201	Not_in_prophage
GCA_001558415.2_00209	Same_contig
GCA_007050345.1_00803	Not_in_prophage
GCA_000417625.1_01461	Not_in_prophage
GCA_016761575.1_01918	Not_in_prophage
GCA_021394375.1_01369	Not_in_prophage
GCA_022290375.1_02016	Not_in_prophage
GCA_016761515.1_02146	Not_in_prophage
GCA_018140575.1_04514	Not_in_prophage
GCA_016761685.1_02314	Not_in_prophage
GCA_021394415.1_00792	Not_in_prophage
GCA_012274925.1_04126	Same_contig
GCA_009763785.1_03419	Same_contig
GCA_017604305.1_04062	Same_contig
GCA_021394795.1_03698	Same_contig
GCA_021394435.1_00475	Not_in_prophage
GCA_016761735.1_03314	Not_in_prophage
GCA_021394995.1_00447	Not_in_prophage
GCA_021395075.1_03624	Not_in_prophage
GCA_012275125.1_04092	Same_contig
GCA_021394955.1_01754	Not_in_prophage
GCA_002953375.1_03523	Same_contig
GCA_016761485.1_00799	Not_in_prophage
GCA_000931495.1_00129	Not_in_prophage
GCA_022290045.1_02119	Not_in_prophage
GCA_012275025.1_03759	Same_contig
GCA_022290295.1_00077	Not_in_prophage
GCA_022289935.1_01680	Not_in_prophage
GCA_001952955.1_04289	Same_contig
GCA_016761815.1_02209	Not_in_prophage
GCA_006381955.1_02055	Same_contig
GCA_019226825.1_03998	Not_in_prophage
GCA_021272385.1_03948	Same_contig
GCA_021394915.1_02722	Not_in_prophage
GCA_024346755.1_02624	Same_contig
GCA_003716875.1_00848	Not_in_prophage
GCA_024529975.1_02878	Same_contig
GCA_009874545.1_01326	Not_in_prophage
GCA_024346995.1_02574	Not_in_prophage
GCA_015686695.1_04546	Same_contig
GCA_024347055.1_03559	Not_in_prophage
GCA_001547935.1_01430	Same_contig
GCA_020216145.1_04355	Not_in_prophage
GCA_024346955.1_00675	Same_contig
GCA_014083925.1_02674	Same_contig
GCA_024347135.1_02891	Same_contig
GCA_002196515.1_01133	Same_contig
GCA_023920225.1_02505	Same_contig
GCA_024347115.1_00651	Same_contig
GCA_001506075.1_02433	Same_contig
GCA_000711805.1_00532	Not_in_prophage
GCA_020171485.1_03614	Not_in_prophage
GCA_900100015.1_01294	Not_in_prophage
GCA_011064285.1_03874	Same_contig
GCA_002892785.1_03206	Not_in_prophage
GCA_003269215.1_01433	Not_in_prophage
GCA_013041605.1_01220	Not_in_prophage
GCA_002892885.1_03970	Not_in_prophage
GCA_000740015.1_03423	Not_in_prophage
GCA_913054505.1_02859	Not_in_prophage
GCA_002892925.1_04055	Not_in_prophage
GCA_000877605.1_00671	Not_in_prophage
GCA_013390705.1_04219	Not_in_prophage
GCA_000808535.1_02401	Not_in_prophage
GCA_000877595.2_02727	Not_in_prophage
GCA_001727965.1_03855	Not_in_prophage
GCA_000706925.1_04973	Not_in_prophage
GCA_006377085.1_01531	Not_in_prophage
GCA_000877725.1_01911	Not_in_prophage
GCA_000490135.1_00848	Not_in_prophage
GCA_006371055.1_00502	Not_in_prophage
GCA_905331845.1_02960	Not_in_prophage
GCA_006374895.1_02128	Not_in_prophage
GCA_001280645.1_04604	Not_in_prophage
GCA_006374495.1_01425	Not_in_prophage
GCA_000736345.1_02284	Not_in_prophage
GCA_001727365.1_01973	Not_in_prophage
GCA_000489535.1_04289	Not_in_prophage
GCA_006377295.1_00735	Not_in_prophage
GCA_013085265.1_03382	Not_in_prophage
GCA_006378735.1_00863	Not_in_prophage
GCA_006369005.1_01596	Not_in_prophage
GCA_006371305.1_00688	Not_in_prophage
GCA_021026225.1_03528	Not_in_prophage
GCA_006369285.1_00814	Not_in_prophage
GCA_000490155.1_04038	Not_in_prophage
GCA_004028465.1_01993	Not_in_prophage
GCA_019273715.1_03643	Not_in_prophage
GCA_024530895.1_02585	Not_in_prophage
GCA_020741135.1_03257	Not_in_prophage
GCA_001696065.1_02466	Not_in_prophage
GCA_024748015.1_03699	Not_in_prophage
GCA_004137845.1_03969	Not_in_prophage
GCA_006370955.1_00893	Not_in_prophage
GCA_006375115.1_03397	Not_in_prophage
GCA_905331725.1_00752	Not_in_prophage
GCA_000707905.2_01843	Not_in_prophage
GCA_006372705.1_04175	Not_in_prophage
GCA_006373785.1_00055	Not_in_prophage
GCA_004324705.1_03977	Not_in_prophage
GCA_006377575.1_00281	Not_in_prophage
GCA_006368665.1_01577	Not_in_prophage
GCA_021729985.1_04086	Not_in_prophage
GCA_000491255.1_04335	Not_in_prophage
GCA_006371005.1_04017	Not_in_prophage
GCA_905331935.1_03658	Not_in_prophage
GCA_009763025.1_04105	Same_contig
GCA_006374075.1_01784	Not_in_prophage
GCA_006373555.1_00055	Not_in_prophage
GCA_024745975.1_01493	Not_in_prophage
GCA_006372275.1_02713	Not_in_prophage
GCA_002859065.1_00632	Not_in_prophage
GCA_000491895.1_01418	Not_in_prophage
GCA_006372865.1_01500	Not_in_prophage
GCA_022603355.1_04632	Not_in_prophage
GCA_000489295.1_04244	Not_in_prophage
GCA_006371945.1_03369	Not_in_prophage
GCA_006124855.1_01667	Not_in_prophage
GCA_000491875.1_01033	Not_in_prophage
GCA_000492075.1_00240	Not_in_prophage
GCA_000568495.1_03308	Same_contig
GCA_024745475.1_04686	Not_in_prophage
GCA_006371265.1_00687	Not_in_prophage
GCA_006371575.1_03623	Not_in_prophage
GCA_006373055.1_00053	Not_in_prophage
GCA_002002385.1_03719	Not_in_prophage
GCA_002002405.1_01604	Not_in_prophage
GCA_000523375.1_00629	Not_in_prophage
GCA_006370725.1_03525	Not_in_prophage
GCA_006368635.1_02039	Not_in_prophage
GCA_006373715.1_02330	Not_in_prophage
GCA_905331795.1_02747	Not_in_prophage
GCA_006370805.1_03977	Not_in_prophage
GCA_004324805.1_00055	Not_in_prophage
GCA_006368875.1_02743	Not_in_prophage
GCA_006374405.1_00947	Not_in_prophage
GCA_006369185.1_02853	Not_in_prophage
GCA_004194515.1_03671	Same_contig
GCA_002014005.1_01847	Not_in_prophage
GCA_006368565.1_00702	Not_in_prophage
GCA_006377345.1_03194	Not_in_prophage
GCA_000593305.2_00055	Not_in_prophage
GCA_006371655.1_02995	Not_in_prophage
GCA_024746735.1_03323	Not_in_prophage
GCA_024746075.1_03555	Not_in_prophage
GCA_001497485.1_00818	Not_in_prophage
GCA_006369095.1_02637	Not_in_prophage
GCA_001728095.1_01141	Not_in_prophage
GCA_000490055.1_00512	Not_in_prophage
GCA_001023155.1_00055	Not_in_prophage
GCA_905331675.1_01020	Not_in_prophage
GCA_000491235.1_01058	Not_in_prophage
GCA_006368995.1_03508	Not_in_prophage
GCA_000489095.1_00525	Not_in_prophage
GCA_006372045.1_03548	Not_in_prophage
GCA_001726165.1_02101	Not_in_prophage
GCA_024745835.1_04676	Not_in_prophage
GCA_000737635.1_02814	Not_in_prophage
GCA_004324415.1_04687	Not_in_prophage
GCA_006378795.1_01440	Not_in_prophage
GCA_000490315.1_00793	Not_in_prophage
GCA_004324405.1_03928	Not_in_prophage
GCA_000491675.1_01793	Not_in_prophage
GCA_006369365.1_02968	Not_in_prophage
GCA_000489655.1_01299	Not_in_prophage
GCA_000490015.1_00914	Not_in_prophage
GCA_006372795.1_01383	Not_in_prophage
GCA_024746555.1_03333	Not_in_prophage
GCA_003076895.1_04209	Not_in_prophage
GCA_000489195.1_00480	Not_in_prophage
GCA_006369615.1_00055	Not_in_prophage
GCA_006373265.1_00055	Not_in_prophage
GCA_905331555.1_02355	Not_in_prophage
GCA_021890335.1_01798	Not_in_prophage
GCA_006377265.1_02935	Not_in_prophage
GCA_000489275.1_03597	Not_in_prophage
GCA_006373225.1_00055	Not_in_prophage
GCA_000491695.1_02360	Not_in_prophage
GCA_006373705.1_00055	Not_in_prophage
GCA_019270875.1_03684	Not_in_prophage
GCA_905331875.1_03348	Not_in_prophage
GCA_006372325.1_01548	Not_in_prophage
GCA_022802265.1_03644	Not_in_prophage
GCA_006378935.1_01494	Not_in_prophage
GCA_006376745.1_01210	Not_in_prophage
GCA_022808245.1_01906	Same_contig
GCA_006375335.1_00055	Not_in_prophage
GCA_006371625.1_02973	Not_in_prophage
GCA_000591455.1_03323	Not_in_prophage
GCA_006377535.1_03618	Not_in_prophage
GCA_900460415.1_00737	Not_in_prophage
GCA_000489955.1_04096	Not_in_prophage
GCA_006373315.1_00727	Not_in_prophage
GCA_006373735.1_01388	Not_in_prophage
GCA_012274865.1_03280	Same_contig
GCA_024746105.1_04699	Not_in_prophage
GCA_001727925.1_01494	Not_in_prophage
GCA_001609555.1_03297	Not_in_prophage
GCA_003612715.1_03187	Not_in_prophage
GCA_905331665.1_03200	Not_in_prophage
GCA_024748155.1_01556	Not_in_prophage
GCA_024745415.1_03669	Not_in_prophage
GCA_000972105.1_04132	Same_contig
GCA_000707065.2_01516	Not_in_prophage
GCA_001696055.1_00059	Not_in_prophage
GCA_012956305.1_02036	Not_in_prophage
GCA_019273755.1_03602	Not_in_prophage
GCA_001023125.1_02214	Not_in_prophage
GCA_002153925.1_03696	Not_in_prophage
GCA_020991225.1_04731	Same_contig
GCA_001267625.1_03306	Not_in_prophage
GCA_006374745.1_01214	Not_in_prophage
GCA_001696005.1_01383	Not_in_prophage
GCA_008039245.1_02611	Not_in_prophage
GCA_905331805.1_01247	Not_in_prophage
GCA_006374755.1_00281	Not_in_prophage
GCA_006373635.1_00055	Not_in_prophage
GCA_004923355.1_03098	Not_in_prophage
GCA_004324515.1_03427	Not_in_prophage
GCA_006369085.1_01659	Not_in_prophage
GCA_905331655.1_03720	Not_in_prophage
GCA_006372395.1_02379	Not_in_prophage
GCA_001913785.1_02331	Not_in_prophage
GCA_006369335.1_02402	Not_in_prophage
GCA_006368835.1_04081	Not_in_prophage
GCA_001726735.1_03273	Not_in_prophage
GCA_006378995.1_02251	Not_in_prophage
GCA_006373235.1_04015	Not_in_prophage
GCA_006373195.1_02220	Not_in_prophage
GCA_000707685.2_00858	Not_in_prophage
GCA_002880015.1_04892	Not_in_prophage
GCA_000491375.1_00003	Not_in_prophage
GCA_905331745.1_03561	Not_in_prophage
GCA_015172915.1_04748	Not_in_prophage
GCA_022802195.1_03376	Not_in_prophage
GCA_006368955.1_01705	Not_in_prophage
GCA_001727915.1_01154	Not_in_prophage
GCA_002154055.1_00430	Same_contig
GCA_006373015.1_01926	Not_in_prophage
GCA_006375175.1_01122	Not_in_prophage
GCA_000491315.1_03608	Not_in_prophage
GCA_006371095.1_04039	Not_in_prophage
GCA_024746375.1_01432	Not_in_prophage
GCA_006368625.1_01760	Not_in_prophage
GCA_006373155.1_00055	Not_in_prophage
GCA_022802175.1_03278	Not_in_prophage
GCA_006369375.1_00514	Not_in_prophage
GCA_000707725.2_02569	Not_in_prophage
GCA_002150465.1_03008	Same_contig
GCA_006372155.1_00737	Not_in_prophage
GCA_014525225.1_03949	Not_in_prophage
GCA_004324395.1_03002	Not_in_prophage
GCA_006374255.1_00943	Not_in_prophage
GCA_001728325.1_02317	Not_in_prophage
GCA_004324625.1_01624	Same_contig
GCA_905331905.1_01587	Not_in_prophage
GCA_006375025.1_01059	Not_in_prophage
GCA_000490035.1_00978	Not_in_prophage
GCA_000489775.1_01396	Not_in_prophage
GCA_006369625.1_02360	Not_in_prophage
GCA_004324575.1_03962	Not_in_prophage
GCA_000489495.1_00625	Not_in_prophage
GCA_000707705.2_01611	Not_in_prophage
GCA_006369545.1_03907	Not_in_prophage
GCA_000591495.1_03301	Same_contig
GCA_017313525.1_01719	Not_in_prophage
GCA_000786865.1_04045	Not_in_prophage
GCA_006373455.1_00428	Not_in_prophage
GCA_004324425.1_01678	Not_in_prophage
GCA_020740925.1_02539	Not_in_prophage
GCA_000024825.1_03944	Same_contig
GCA_003612695.1_03290	Not_in_prophage
GCA_006374375.1_01820	Not_in_prophage
GCA_006375525.1_01135	Not_in_prophage
GCA_000491035.1_02575	Not_in_prophage
GCA_006374545.1_01155	Not_in_prophage
GCA_006372775.1_02607	Not_in_prophage
GCA_000328405.1_03137	Not_in_prophage
GCA_006372235.1_00750	Not_in_prophage
GCA_006374805.1_00055	Not_in_prophage
GCA_013391065.1_03797	Not_in_prophage
GCA_000701045.2_03859	Not_in_prophage
GCA_006368935.1_03495	Not_in_prophage
GCA_024746715.1_02000	Not_in_prophage
GCA_006374595.1_03557	Not_in_prophage
GCA_021890315.1_02838	Not_in_prophage
GCA_009763425.1_04277	Same_contig
GCA_000732985.1_00200	Same_contig
GCA_905331925.1_02841	Not_in_prophage
GCA_020740875.1_03106	Not_in_prophage
GCA_001879585.1_03255	Not_in_prophage
GCA_000489155.1_04225	Not_in_prophage
GCA_002221085.1_02886	Not_in_prophage
GCA_006373885.1_04044	Not_in_prophage
GCA_009389915.1_03596	Not_in_prophage
GCA_001636035.1_03149	Same_contig
GCA_000707185.2_03597	Not_in_prophage
GCA_006369655.1_02272	Not_in_prophage
GCA_003047085.1_04499	Same_contig
GCA_002018555.1_02899	Not_in_prophage
GCA_024746275.1_03910	Not_in_prophage
GCA_000489215.1_00923	Not_in_prophage
GCA_004324435.1_04770	Not_in_prophage
GCA_000454245.1_01226	Not_in_prophage
GCA_021890385.1_02947	Not_in_prophage
GCA_002807115.1_02500	Not_in_prophage
GCA_905331635.1_00835	Not_in_prophage
GCA_022398225.1_04119	Not_in_prophage
GCA_013393865.1_03995	Not_in_prophage
GCA_006368545.1_02353	Not_in_prophage
GCA_011801455.1_03115	Same_contig
GCA_017313565.1_00588	Not_in_prophage
GCA_006382865.1_00727	Not_in_prophage
GCA_006370775.1_01570	Not_in_prophage
