FGTTVPXB_CDS_0001,unknown function
FGTTVPXB_CDS_0002,DNA
FGTTVPXB_CDS_0003,unknown function
FGTTVPXB_CDS_0004,unknown function
FGTTVPXB_CDS_0005,unknown function
FGTTVPXB_CDS_0006,unknown function
FGTTVPXB_CDS_0007,unknown function
FGTTVPXB_CDS_0008,unknown function
FGTTVPXB_CDS_0009,unknown function
FGTTVPXB_CDS_0010,unknown function
FGTTVPXB_CDS_0011,moron
FGTTVPXB_CDS_0012,unknown function
FGTTVPXB_CDS_0013,unknown function
FGTTVPXB_CDS_0014,unknown function
FGTTVPXB_CDS_0015,other
FGTTVPXB_CDS_0016,unknown function
FGTTVPXB_CDS_0017,unknown function
FGTTVPXB_CDS_0018,unknown function
FGTTVPXB_CDS_0019,other
FGTTVPXB_CDS_0020,unknown function
FGTTVPXB_CDS_0021,unknown function
FGTTVPXB_CDS_0022,unknown function
FGTTVPXB_CDS_0023,unknown function
FGTTVPXB_CDS_0024,unknown function
FGTTVPXB_CDS_0025,unknown function
FGTTVPXB_CDS_0026,unknown function
FGTTVPXB_CDS_0027,unknown function
FGTTVPXB_CDS_0028,unknown function
FGTTVPXB_CDS_0029,unknown function
FGTTVPXB_CDS_0030,unknown function
FGTTVPXB_CDS_0031,unknown function
FGTTVPXB_CDS_0032,DNA
FGTTVPXB_CDS_0033,unknown function
FGTTVPXB_CDS_0034,unknown function
FGTTVPXB_CDS_0035,unknown function
FGTTVPXB_CDS_0036,unknown function
FGTTVPXB_CDS_0037,unknown function
FGTTVPXB_CDS_0038,unknown function
FGTTVPXB_CDS_0039,unknown function
FGTTVPXB_CDS_0040,other
FGTTVPXB_CDS_0041,unknown function
FGTTVPXB_CDS_0042,unknown function
FGTTVPXB_CDS_0043,unknown function
FGTTVPXB_CDS_0044,moron
FGTTVPXB_CDS_0045,unknown function
FGTTVPXB_CDS_0046,unknown function
FGTTVPXB_CDS_0047,unknown function
FGTTVPXB_CDS_0048,unknown function
FGTTVPXB_CDS_0049,unknown function
FGTTVPXB_CDS_0050,unknown function
FGTTVPXB_CDS_0051,unknown function
FGTTVPXB_CDS_0052,unknown function
FGTTVPXB_CDS_0053,unknown function
FGTTVPXB_CDS_0054,unknown function
FGTTVPXB_CDS_0055,unknown function
FGTTVPXB_CDS_0056,unknown function
FGTTVPXB_CDS_0057,unknown function
FGTTVPXB_CDS_0058,unknown function
FGTTVPXB_CDS_0059,other
FGTTVPXB_CDS_0060,unknown function
FGTTVPXB_CDS_0061,unknown function
FGTTVPXB_CDS_0062,unknown function
FGTTVPXB_CDS_0063,unknown function
FGTTVPXB_CDS_0064,unknown function
FGTTVPXB_CDS_0065,unknown function
FGTTVPXB_CDS_0066,unknown function
FGTTVPXB_CDS_0067,unknown function
FGTTVPXB_CDS_0068,unknown function
FGTTVPXB_CDS_0069,DNA
FGTTVPXB_CDS_0070,unknown function
FGTTVPXB_CDS_0071,unknown function
FGTTVPXB_CDS_0072,unknown function
FGTTVPXB_CDS_0073,moron
FGTTVPXB_CDS_0074,unknown function
FGTTVPXB_CDS_0075,unknown function
FGTTVPXB_CDS_0076,unknown function
FGTTVPXB_CDS_0077,unknown function
FGTTVPXB_CDS_0078,unknown function
FGTTVPXB_CDS_0079,unknown function
FGTTVPXB_CDS_0080,unknown function
FGTTVPXB_CDS_0081,unknown function
FGTTVPXB_CDS_0082,unknown function
FGTTVPXB_CDS_0083,unknown function
FGTTVPXB_CDS_0084,unknown function
FGTTVPXB_CDS_0085,unknown function
FGTTVPXB_CDS_0086,unknown function
FGTTVPXB_CDS_0087,unknown function
FGTTVPXB_CDS_0088,unknown function
FGTTVPXB_CDS_0089,unknown function
FGTTVPXB_CDS_0090,unknown function
FGTTVPXB_CDS_0091,unknown function
FGTTVPXB_CDS_0092,unknown function
FGTTVPXB_CDS_0093,unknown function
FGTTVPXB_CDS_0094,unknown function
FGTTVPXB_CDS_0095,unknown function
FGTTVPXB_CDS_0096,unknown function
FGTTVPXB_CDS_0097,other
FGTTVPXB_CDS_0098,unknown function
FGTTVPXB_CDS_0099,unknown function
FGTTVPXB_CDS_0100,unknown function
FGTTVPXB_CDS_0101,unknown function
FGTTVPXB_CDS_0102,unknown function
FGTTVPXB_CDS_0103,unknown function
FGTTVPXB_CDS_0104,unknown function
FGTTVPXB_CDS_0105,unknown function
FGTTVPXB_CDS_0106,unknown function
FGTTVPXB_CDS_0107,unknown function
FGTTVPXB_CDS_0108,unknown function
FGTTVPXB_CDS_0109,unknown function
FGTTVPXB_CDS_0110,unknown function
FGTTVPXB_CDS_0111,unknown function
FGTTVPXB_CDS_0112,unknown function
FGTTVPXB_CDS_0113,unknown function
FGTTVPXB_CDS_0114,unknown function
FGTTVPXB_CDS_0115,unknown function
FGTTVPXB_CDS_0116,unknown function
FGTTVPXB_CDS_0117,unknown function
FGTTVPXB_CDS_0118,unknown function
FGTTVPXB_CDS_0119,unknown function
FGTTVPXB_CDS_0120,unknown function
FGTTVPXB_CDS_0121,DNA
FGTTVPXB_CDS_0122,unknown function
FGTTVPXB_CDS_0123,unknown function
FGTTVPXB_CDS_0124,unknown function
FGTTVPXB_CDS_0125,unknown function
FGTTVPXB_CDS_0126,unknown function
FGTTVPXB_CDS_0127,unknown function
FGTTVPXB_CDS_0128,unknown function
FGTTVPXB_CDS_0129,unknown function
FGTTVPXB_CDS_0130,unknown function
FGTTVPXB_CDS_0131,unknown function
FGTTVPXB_CDS_0132,unknown function
FGTTVPXB_CDS_0133,unknown function
FGTTVPXB_CDS_0134,unknown function
FGTTVPXB_CDS_0135,unknown function
FGTTVPXB_CDS_0136,unknown function
FGTTVPXB_CDS_0137,unknown function
FGTTVPXB_CDS_0138,unknown function
FGTTVPXB_CDS_0139,unknown function
FGTTVPXB_CDS_0140,unknown function
FGTTVPXB_CDS_0141,unknown function
FGTTVPXB_CDS_0142,moron
FGTTVPXB_CDS_0143,unknown function
FGTTVPXB_CDS_0144,unknown function
FGTTVPXB_CDS_0145,unknown function
FGTTVPXB_CDS_0146,unknown function
FGTTVPXB_CDS_0147,unknown function
FGTTVPXB_CDS_0148,unknown function
FGTTVPXB_CDS_0149,unknown function
FGTTVPXB_CDS_0150,unknown function
FGTTVPXB_CDS_0151,unknown function
FGTTVPXB_CDS_0152,unknown function
FGTTVPXB_CDS_0153,unknown function
FGTTVPXB_CDS_0154,unknown function
FGTTVPXB_CDS_0155,unknown function
FGTTVPXB_CDS_0156,unknown function
FGTTVPXB_CDS_0157,unknown function
FGTTVPXB_CDS_0158,unknown function
FGTTVPXB_CDS_0159,unknown function
FGTTVPXB_CDS_0160,unknown function
FGTTVPXB_CDS_0161,unknown function
FGTTVPXB_CDS_0162,unknown function
FGTTVPXB_CDS_0163,other
FGTTVPXB_CDS_0164,unknown function
FGTTVPXB_CDS_0165,DNA
FGTTVPXB_CDS_0166,unknown function
FGTTVPXB_CDS_0167,other
FGTTVPXB_CDS_0168,unknown function
FGTTVPXB_CDS_0169,unknown function
FGTTVPXB_CDS_0170,unknown function
FGTTVPXB_CDS_0171,unknown function
FGTTVPXB_CDS_0172,unknown function
FGTTVPXB_CDS_0173,unknown function
FGTTVPXB_CDS_0174,unknown function
FGTTVPXB_CDS_0175,unknown function
FGTTVPXB_CDS_0176,unknown function
FGTTVPXB_CDS_0177,unknown function
FGTTVPXB_CDS_0178,unknown function
FGTTVPXB_CDS_0179,unknown function
FGTTVPXB_CDS_0180,unknown function
FGTTVPXB_CDS_0181,unknown function
FGTTVPXB_CDS_0182,unknown function
FGTTVPXB_CDS_0183,integration and excision
FGTTVPXB_CDS_0184,DNA
FGTTVPXB_CDS_0185,unknown function
FGTTVPXB_CDS_0186,unknown function
FGTTVPXB_CDS_0187,unknown function
FGTTVPXB_CDS_0188,unknown function
FGTTVPXB_CDS_0189,unknown function
FGTTVPXB_CDS_0190,unknown function
FGTTVPXB_CDS_0191,unknown function
FGTTVPXB_CDS_0192,unknown function
FGTTVPXB_CDS_0193,head and packaging
FGTTVPXB_CDS_0194,unknown function
FGTTVPXB_CDS_0195,head and packaging
FGTTVPXB_CDS_0196,unknown function
FGTTVPXB_CDS_0197,unknown function
FGTTVPXB_CDS_0198,unknown function
FGTTVPXB_CDS_0199,unknown function
FGTTVPXB_CDS_0200,DNA
FGTTVPXB_CDS_0201,unknown function
FGTTVPXB_CDS_0202,unknown function
FGTTVPXB_CDS_0203,unknown function
FGTTVPXB_CDS_0204,unknown function
FGTTVPXB_CDS_0205,unknown function
FGTTVPXB_CDS_0206,unknown function
FGTTVPXB_CDS_0207,unknown function
FGTTVPXB_CDS_0208,unknown function
FGTTVPXB_CDS_0209,moron
FGTTVPXB_CDS_0210,unknown function
FGTTVPXB_CDS_0211,unknown function
FGTTVPXB_CDS_0212,unknown function
FGTTVPXB_CDS_0213,unknown function
FGTTVPXB_CDS_0214,unknown function
FGTTVPXB_CDS_0215,unknown function
FGTTVPXB_CDS_0216,unknown function
FGTTVPXB_CDS_0217,unknown function
FGTTVPXB_CDS_0218,unknown function
FGTTVPXB_CDS_0219,unknown function
FGTTVPXB_CDS_0220,unknown function
FGTTVPXB_CDS_0221,unknown function
FGTTVPXB_CDS_0222,unknown function
FGTTVPXB_CDS_0223,unknown function
FGTTVPXB_CDS_0224,unknown function
FGTTVPXB_CDS_0225,unknown function
FGTTVPXB_CDS_0226,unknown function
FGTTVPXB_CDS_0227,unknown function
FGTTVPXB_CDS_0228,unknown function
FGTTVPXB_CDS_0229,unknown function
FGTTVPXB_CDS_0230,unknown function
FGTTVPXB_CDS_0231,unknown function
FGTTVPXB_CDS_0232,unknown function
FGTTVPXB_CDS_0233,unknown function
FGTTVPXB_CDS_0234,unknown function
FGTTVPXB_CDS_0235,unknown function
FGTTVPXB_CDS_0236,unknown function
FGTTVPXB_CDS_0237,unknown function
FGTTVPXB_CDS_0238,tail
FGTTVPXB_CDS_0239,head and packaging
FGTTVPXB_CDS_0240,unknown function
FGTTVPXB_CDS_0241,head and packaging
FGTTVPXB_CDS_0242,head and packaging
FGTTVPXB_CDS_0243,unknown function
FGTTVPXB_CDS_0244,head and packaging
FGTTVPXB_CDS_0245,head and packaging
FGTTVPXB_CDS_0246,unknown function
FGTTVPXB_CDS_0247,unknown function
FGTTVPXB_CDS_0248,unknown function
FGTTVPXB_CDS_0249,unknown function
FGTTVPXB_CDS_0250,unknown function
FGTTVPXB_CDS_0251,lysis
FGTTVPXB_CDS_0252,lysis
FGTTVPXB_CDS_0253,unknown function
FGTTVPXB_CDS_0254,unknown function
FGTTVPXB_CDS_0255,unknown function
FGTTVPXB_CDS_0256,unknown function
FGTTVPXB_CDS_0257,unknown function
FGTTVPXB_CDS_0258,unknown function
FGTTVPXB_CDS_0259,unknown function
FGTTVPXB_CDS_0260,unknown function
FGTTVPXB_CDS_0261,unknown function
FGTTVPXB_CDS_0262,head and packaging
FGTTVPXB_CDS_0263,unknown function
FGTTVPXB_CDS_0264,DNA
FGTTVPXB_CDS_0265,unknown function
FGTTVPXB_CDS_0266,unknown function
FGTTVPXB_CDS_0267,unknown function
FGTTVPXB_CDS_0268,transcription regulation
FGTTVPXB_CDS_0269,transcription regulation
FGTTVPXB_CDS_0270,unknown function
FGTTVPXB_CDS_0271,unknown function
FGTTVPXB_CDS_0272,unknown function
FGTTVPXB_CDS_0273,integration and excision
FGTTVPXB_CDS_0274,unknown function
FGTTVPXB_CDS_0275,unknown function
FGTTVPXB_CDS_0276,unknown function
FGTTVPXB_CDS_0277,unknown function
FGTTVPXB_CDS_0278,unknown function
FGTTVPXB_CDS_0279,unknown function
FGTTVPXB_CDS_0280,unknown function
FGTTVPXB_CDS_0281,unknown function
FGTTVPXB_CDS_0282,unknown function
FGTTVPXB_CDS_0283,unknown function
FGTTVPXB_CDS_0284,unknown function
FGTTVPXB_CDS_0285,unknown function
FGTTVPXB_CDS_0286,unknown function
FGTTVPXB_CDS_0287,unknown function
FGTTVPXB_CDS_0288,unknown function
FGTTVPXB_CDS_0289,unknown function
FGTTVPXB_CDS_0290,unknown function
FGTTVPXB_CDS_0291,unknown function
FGTTVPXB_CDS_0292,unknown function
FGTTVPXB_CDS_0293,unknown function
FGTTVPXB_CDS_0294,unknown function
FGTTVPXB_CDS_0295,unknown function
FGTTVPXB_CDS_0296,unknown function
FGTTVPXB_CDS_0297,unknown function
FGTTVPXB_CDS_0298,unknown function
FGTTVPXB_CDS_0299,unknown function
FGTTVPXB_CDS_0300,unknown function
FGTTVPXB_CDS_0301,unknown function
FGTTVPXB_CDS_0302,other
FGTTVPXB_CDS_0303,unknown function
FGTTVPXB_CDS_0304,other
FGTTVPXB_CDS_0305,unknown function
FGTTVPXB_CDS_0306,unknown function
FGTTVPXB_CDS_0307,unknown function
FGTTVPXB_CDS_0308,unknown function
FGTTVPXB_CDS_0309,unknown function
FGTTVPXB_CDS_0310,unknown function
FGTTVPXB_CDS_0311,unknown function
FGTTVPXB_CDS_0312,unknown function
FGTTVPXB_CDS_0313,unknown function
FGTTVPXB_CDS_0314,unknown function
FGTTVPXB_CDS_0315,unknown function
FGTTVPXB_CDS_0316,unknown function
FGTTVPXB_CDS_0317,unknown function
FGTTVPXB_CDS_0318,unknown function
FGTTVPXB_CDS_0319,unknown function
FGTTVPXB_CDS_0320,unknown function
FGTTVPXB_CDS_0321,unknown function
FGTTVPXB_CDS_0322,unknown function
FGTTVPXB_CDS_0323,unknown function
FGTTVPXB_CDS_0324,unknown function
FGTTVPXB_CDS_0325,unknown function
FGTTVPXB_CDS_0326,moron
FGTTVPXB_CDS_0327,unknown function
FGTTVPXB_CDS_0328,unknown function
FGTTVPXB_CDS_0329,unknown function
FGTTVPXB_CDS_0330,unknown function
FGTTVPXB_CDS_0331,unknown function
FGTTVPXB_CDS_0332,unknown function
FGTTVPXB_CDS_0333,unknown function
FGTTVPXB_CDS_0334,unknown function
FGTTVPXB_CDS_0335,unknown function
FGTTVPXB_CDS_0336,unknown function
FGTTVPXB_CDS_0337,unknown function
TEXVGCIE_CDS_0001,unknown function
TEXVGCIE_CDS_0002,unknown function
TEXVGCIE_CDS_0003,unknown function
TEXVGCIE_CDS_0004,unknown function
TEXVGCIE_CDS_0005,unknown function
TEXVGCIE_CDS_0006,unknown function
TEXVGCIE_CDS_0007,unknown function
TEXVGCIE_CDS_0008,unknown function
TEXVGCIE_CDS_0009,integration and excision
TEXVGCIE_CDS_0010,unknown function
TEXVGCIE_CDS_0011,unknown function
TEXVGCIE_CDS_0012,unknown function
TEXVGCIE_CDS_0013,unknown function
TEXVGCIE_CDS_0014,transcription regulation
TEXVGCIE_CDS_0015,unknown function
TEXVGCIE_CDS_0016,unknown function
TEXVGCIE_CDS_0017,unknown function
TEXVGCIE_CDS_0018,DNA
TEXVGCIE_CDS_0019,unknown function
TEXVGCIE_CDS_0020,head and packaging
TEXVGCIE_CDS_0021,unknown function
TEXVGCIE_CDS_0022,unknown function
TEXVGCIE_CDS_0023,unknown function
TEXVGCIE_CDS_0024,unknown function
TEXVGCIE_CDS_0025,unknown function
TEXVGCIE_CDS_0026,unknown function
TEXVGCIE_CDS_0027,unknown function
TEXVGCIE_CDS_0028,lysis
TEXVGCIE_CDS_0029,lysis
TEXVGCIE_CDS_0030,unknown function
TEXVGCIE_CDS_0031,unknown function
TEXVGCIE_CDS_0032,unknown function
TEXVGCIE_CDS_0033,unknown function
TEXVGCIE_CDS_0034,unknown function
TEXVGCIE_CDS_0035,unknown function
TEXVGCIE_CDS_0036,head and packaging
TEXVGCIE_CDS_0037,head and packaging
TEXVGCIE_CDS_0038,unknown function
TEXVGCIE_CDS_0039,head and packaging
TEXVGCIE_CDS_0040,head and packaging
TEXVGCIE_CDS_0041,unknown function
TEXVGCIE_CDS_0042,head and packaging
TEXVGCIE_CDS_0043,tail
TEXVGCIE_CDS_0044,unknown function
TEXVGCIE_CDS_0045,unknown function
TEXVGCIE_CDS_0046,unknown function
TEXVGCIE_CDS_0047,unknown function
TEXVGCIE_CDS_0048,unknown function
TEXVGCIE_CDS_0049,unknown function
TEXVGCIE_CDS_0050,unknown function
TEXVGCIE_CDS_0051,unknown function
TEXVGCIE_CDS_0052,unknown function
TEXVGCIE_CDS_0053,unknown function
TEXVGCIE_CDS_0054,unknown function
TEXVGCIE_CDS_0055,unknown function
TEXVGCIE_CDS_0056,unknown function
TEXVGCIE_CDS_0057,moron
TEXVGCIE_CDS_0058,unknown function
TEXVGCIE_CDS_0059,unknown function
TEXVGCIE_CDS_0060,other
TEXVGCIE_CDS_0061,unknown function
TEXVGCIE_CDS_0062,unknown function
TEXVGCIE_CDS_0063,unknown function
TEXVGCIE_CDS_0064,integration and excision
TEXVGCIE_CDS_0065,unknown function
TEXVGCIE_CDS_0066,unknown function
TEXVGCIE_CDS_0067,unknown function
TEXVGCIE_CDS_0068,unknown function
TEXVGCIE_CDS_0069,unknown function
TEXVGCIE_CDS_0070,unknown function
TEXVGCIE_CDS_0071,unknown function
TEXVGCIE_CDS_0072,unknown function
TEXVGCIE_CDS_0073,unknown function
TEXVGCIE_CDS_0074,unknown function
TEXVGCIE_CDS_0075,unknown function
TEXVGCIE_CDS_0076,unknown function
TEXVGCIE_CDS_0077,unknown function
TEXVGCIE_CDS_0078,unknown function
TEXVGCIE_CDS_0079,moron
TEXVGCIE_CDS_0080,unknown function
TEXVGCIE_CDS_0081,tail
TEXVGCIE_CDS_0082,unknown function
TEXVGCIE_CDS_0083,unknown function
TEXVGCIE_CDS_0084,unknown function
TEXVGCIE_CDS_0085,unknown function
TEXVGCIE_CDS_0086,unknown function
TEXVGCIE_CDS_0087,unknown function
TEXVGCIE_CDS_0088,unknown function
TEXVGCIE_CDS_0089,unknown function
TEXVGCIE_CDS_0090,unknown function
TEXVGCIE_CDS_0091,unknown function
TEXVGCIE_CDS_0092,unknown function
TEXVGCIE_CDS_0093,unknown function
TEXVGCIE_CDS_0094,unknown function
TEXVGCIE_CDS_0095,other
TEXVGCIE_CDS_0096,unknown function
TEXVGCIE_CDS_0097,DNA
TEXVGCIE_CDS_0098,other
TEXVGCIE_CDS_0099,unknown function
TEXVGCIE_CDS_0100,unknown function
TEXVGCIE_CDS_0101,unknown function
TEXVGCIE_CDS_0102,unknown function
TEXVGCIE_CDS_0103,unknown function
TEXVGCIE_CDS_0104,unknown function
TEXVGCIE_CDS_0105,unknown function
TEXVGCIE_CDS_0106,unknown function
TEXVGCIE_CDS_0107,unknown function
TEXVGCIE_CDS_0108,unknown function
TEXVGCIE_CDS_0109,other
TEXVGCIE_CDS_0110,unknown function
TEXVGCIE_CDS_0111,unknown function
TEXVGCIE_CDS_0112,unknown function
TEXVGCIE_CDS_0113,unknown function
TEXVGCIE_CDS_0114,other
TEXVGCIE_CDS_0115,unknown function
TEXVGCIE_CDS_0116,unknown function
TEXVGCIE_CDS_0117,unknown function
TEXVGCIE_CDS_0118,other
TEXVGCIE_CDS_0119,unknown function
TEXVGCIE_CDS_0120,unknown function
TEXVGCIE_CDS_0121,unknown function
TEXVGCIE_CDS_0122,unknown function
TEXVGCIE_CDS_0123,unknown function
TEXVGCIE_CDS_0124,unknown function
TEXVGCIE_CDS_0125,unknown function
TEXVGCIE_CDS_0126,unknown function
TEXVGCIE_CDS_0127,unknown function
TEXVGCIE_CDS_0128,unknown function
TEXVGCIE_CDS_0129,unknown function
TEXVGCIE_CDS_0130,unknown function
TEXVGCIE_CDS_0131,unknown function
TEXVGCIE_CDS_0132,unknown function
TEXVGCIE_CDS_0133,unknown function
TEXVGCIE_CDS_0134,unknown function
TEXVGCIE_CDS_0135,unknown function
TEXVGCIE_CDS_0136,unknown function
TEXVGCIE_CDS_0137,unknown function
TEXVGCIE_CDS_0138,unknown function
TEXVGCIE_CDS_0139,unknown function
TEXVGCIE_CDS_0140,unknown function
TEXVGCIE_CDS_0141,unknown function
TEXVGCIE_CDS_0142,unknown function
TEXVGCIE_CDS_0143,unknown function
TEXVGCIE_CDS_0144,unknown function
TEXVGCIE_CDS_0145,unknown function
VTLGAWYY_CDS_0001,unknown function
VTLGAWYY_CDS_0002,unknown function
VTLGAWYY_CDS_0003,unknown function
VTLGAWYY_CDS_0004,unknown function
VTLGAWYY_CDS_0005,unknown function
VTLGAWYY_CDS_0006,unknown function
VTLGAWYY_CDS_0007,unknown function
VTLGAWYY_CDS_0008,unknown function
VTLGAWYY_CDS_0009,unknown function
VTLGAWYY_CDS_0010,integration and excision
VTLGAWYY_CDS_0011,integration and excision
VTLGAWYY_CDS_0012,unknown function
VTLGAWYY_CDS_0013,unknown function
VTLGAWYY_CDS_0014,transcription regulation
VTLGAWYY_CDS_0015,transcription regulation
VTLGAWYY_CDS_0016,unknown function
VTLGAWYY_CDS_0017,unknown function
VTLGAWYY_CDS_0018,unknown function
VTLGAWYY_CDS_0019,DNA
VTLGAWYY_CDS_0020,unknown function
VTLGAWYY_CDS_0021,head and packaging
VTLGAWYY_CDS_0022,unknown function
VTLGAWYY_CDS_0023,unknown function
VTLGAWYY_CDS_0024,unknown function
VTLGAWYY_CDS_0025,other
VTLGAWYY_CDS_0026,unknown function
VTLGAWYY_CDS_0027,unknown function
VTLGAWYY_CDS_0028,unknown function
VTLGAWYY_CDS_0029,integration and excision
VTLGAWYY_CDS_0030,unknown function
VTLGAWYY_CDS_0031,unknown function
VTLGAWYY_CDS_0032,unknown function
VTLGAWYY_CDS_0033,unknown function
VTLGAWYY_CDS_0034,unknown function
VTLGAWYY_CDS_0035,unknown function
VTLGAWYY_CDS_0036,unknown function
VTLGAWYY_CDS_0037,integration and excision
VTLGAWYY_CDS_0038,unknown function
VTLGAWYY_CDS_0039,unknown function
VTLGAWYY_CDS_0040,unknown function
VTLGAWYY_CDS_0041,unknown function
VTLGAWYY_CDS_0042,integration and excision
VTLGAWYY_CDS_0043,unknown function
VTLGAWYY_CDS_0044,lysis
VTLGAWYY_CDS_0045,lysis
VTLGAWYY_CDS_0046,unknown function
VTLGAWYY_CDS_0047,unknown function
VTLGAWYY_CDS_0048,unknown function
VTLGAWYY_CDS_0049,unknown function
VTLGAWYY_CDS_0050,unknown function
VTLGAWYY_CDS_0051,unknown function
VTLGAWYY_CDS_0052,head and packaging
VTLGAWYY_CDS_0053,head and packaging
VTLGAWYY_CDS_0054,unknown function
VTLGAWYY_CDS_0055,head and packaging
VTLGAWYY_CDS_0056,head and packaging
VTLGAWYY_CDS_0057,unknown function
VTLGAWYY_CDS_0058,head and packaging
VTLGAWYY_CDS_0059,tail
VTLGAWYY_CDS_0060,unknown function
VTLGAWYY_CDS_0061,unknown function
VTLGAWYY_CDS_0062,unknown function
VTLGAWYY_CDS_0063,unknown function
VTLGAWYY_CDS_0064,unknown function
VTLGAWYY_CDS_0065,unknown function
VTLGAWYY_CDS_0066,unknown function
VTLGAWYY_CDS_0067,DNA
VTLGAWYY_CDS_0068,unknown function
VTLGAWYY_CDS_0069,other
VTLGAWYY_CDS_0070,unknown function
VTLGAWYY_CDS_0071,unknown function
VTLGAWYY_CDS_0072,unknown function
VTLGAWYY_CDS_0073,unknown function
VTLGAWYY_CDS_0074,unknown function
VTLGAWYY_CDS_0075,unknown function
VTLGAWYY_CDS_0076,unknown function
VTLGAWYY_CDS_0077,unknown function
VTLGAWYY_CDS_0078,unknown function
VTLGAWYY_CDS_0079,integration and excision
VTLGAWYY_CDS_0080,unknown function
VTLGAWYY_CDS_0081,unknown function
VTLGAWYY_CDS_0082,unknown function
VTLGAWYY_CDS_0083,unknown function
VTLGAWYY_CDS_0084,unknown function
VTLGAWYY_CDS_0085,unknown function
VTLGAWYY_CDS_0086,unknown function
VTLGAWYY_CDS_0087,unknown function
VTLGAWYY_CDS_0088,unknown function
VTLGAWYY_CDS_0089,unknown function
VTLGAWYY_CDS_0090,unknown function
VTLGAWYY_CDS_0091,unknown function
VTLGAWYY_CDS_0092,unknown function
VTLGAWYY_CDS_0093,unknown function
VTLGAWYY_CDS_0094,unknown function
VTLGAWYY_CDS_0095,unknown function
VTLGAWYY_CDS_0096,unknown function
VTLGAWYY_CDS_0097,unknown function
VTLGAWYY_CDS_0098,unknown function
VTLGAWYY_CDS_0099,unknown function
VTLGAWYY_CDS_0100,unknown function
VTLGAWYY_CDS_0101,unknown function
VTLGAWYY_CDS_0102,unknown function
VTLGAWYY_CDS_0103,unknown function
VTLGAWYY_CDS_0104,unknown function
VTLGAWYY_CDS_0105,unknown function
VTLGAWYY_CDS_0106,unknown function
VTLGAWYY_CDS_0107,unknown function
VTLGAWYY_CDS_0108,unknown function
VTLGAWYY_CDS_0109,unknown function
VTLGAWYY_CDS_0110,unknown function
VTLGAWYY_CDS_0111,unknown function
VTLGAWYY_CDS_0112,unknown function
VTLGAWYY_CDS_0113,other
VTLGAWYY_CDS_0114,unknown function
VTLGAWYY_CDS_0115,unknown function
VTLGAWYY_CDS_0116,unknown function
VTLGAWYY_CDS_0117,unknown function
VTLGAWYY_CDS_0118,unknown function
VTLGAWYY_CDS_0119,unknown function
VTLGAWYY_CDS_0120,unknown function
VTLGAWYY_CDS_0121,unknown function
VTLGAWYY_CDS_0122,unknown function
VTLGAWYY_CDS_0123,unknown function
VTLGAWYY_CDS_0124,unknown function
CTPYSLQX_CDS_0001,unknown function
CTPYSLQX_CDS_0002,unknown function
CTPYSLQX_CDS_0003,unknown function
CTPYSLQX_CDS_0004,DNA
CTPYSLQX_CDS_0005,unknown function
CTPYSLQX_CDS_0006,unknown function
CTPYSLQX_CDS_0007,unknown function
CTPYSLQX_CDS_0008,unknown function
CTPYSLQX_CDS_0009,unknown function
CTPYSLQX_CDS_0010,head and packaging
CTPYSLQX_CDS_0011,unknown function
CTPYSLQX_CDS_0012,unknown function
CTPYSLQX_CDS_0013,unknown function
CTPYSLQX_CDS_0014,other
CTPYSLQX_CDS_0015,unknown function
CTPYSLQX_CDS_0016,unknown function
CTPYSLQX_CDS_0017,unknown function
CTPYSLQX_CDS_0018,unknown function
CTPYSLQX_CDS_0019,unknown function
CTPYSLQX_CDS_0020,unknown function
CTPYSLQX_CDS_0021,unknown function
CTPYSLQX_CDS_0022,unknown function
CTPYSLQX_CDS_0023,unknown function
CTPYSLQX_CDS_0024,unknown function
CTPYSLQX_CDS_0025,unknown function
CTPYSLQX_CDS_0026,unknown function
CTPYSLQX_CDS_0027,unknown function
CTPYSLQX_CDS_0028,unknown function
CTPYSLQX_CDS_0029,lysis
CTPYSLQX_CDS_0030,lysis
CTPYSLQX_CDS_0031,unknown function
CTPYSLQX_CDS_0032,unknown function
CTPYSLQX_CDS_0033,unknown function
CTPYSLQX_CDS_0034,unknown function
CTPYSLQX_CDS_0035,unknown function
CTPYSLQX_CDS_0036,unknown function
CTPYSLQX_CDS_0037,head and packaging
CTPYSLQX_CDS_0038,head and packaging
CTPYSLQX_CDS_0039,unknown function
CTPYSLQX_CDS_0040,head and packaging
CTPYSLQX_CDS_0041,head and packaging
CTPYSLQX_CDS_0042,unknown function
CTPYSLQX_CDS_0043,head and packaging
CTPYSLQX_CDS_0044,tail
CTPYSLQX_CDS_0045,unknown function
CTPYSLQX_CDS_0046,unknown function
CTPYSLQX_CDS_0047,unknown function
CTPYSLQX_CDS_0048,unknown function
CTPYSLQX_CDS_0049,unknown function
CTPYSLQX_CDS_0050,unknown function
CTPYSLQX_CDS_0051,unknown function
CTPYSLQX_CDS_0052,unknown function
CTPYSLQX_CDS_0053,unknown function
CTPYSLQX_CDS_0054,unknown function
CTPYSLQX_CDS_0055,unknown function
CTPYSLQX_CDS_0056,unknown function
CTPYSLQX_CDS_0057,unknown function
CTPYSLQX_CDS_0058,unknown function
CTPYSLQX_CDS_0059,unknown function
CTPYSLQX_CDS_0060,unknown function
CTPYSLQX_CDS_0061,moron
CTPYSLQX_CDS_0062,unknown function
CTPYSLQX_CDS_0063,unknown function
CTPYSLQX_CDS_0064,unknown function
CTPYSLQX_CDS_0065,unknown function
CTPYSLQX_CDS_0066,unknown function
CTPYSLQX_CDS_0067,unknown function
CTPYSLQX_CDS_0068,unknown function
CTPYSLQX_CDS_0069,unknown function
CTPYSLQX_CDS_0070,unknown function
CTPYSLQX_CDS_0071,unknown function
CTPYSLQX_CDS_0072,DNA
CTPYSLQX_CDS_0073,moron
CTPYSLQX_CDS_0074,unknown function
CTPYSLQX_CDS_0075,unknown function
CTPYSLQX_CDS_0076,unknown function
CTPYSLQX_CDS_0077,integration and excision
CTPYSLQX_CDS_0078,unknown function
CTPYSLQX_CDS_0079,unknown function
CTPYSLQX_CDS_0080,unknown function
CTPYSLQX_CDS_0081,unknown function
CTPYSLQX_CDS_0082,unknown function
CTPYSLQX_CDS_0083,unknown function
CTPYSLQX_CDS_0084,unknown function
CTPYSLQX_CDS_0085,unknown function
CTPYSLQX_CDS_0086,unknown function
CTPYSLQX_CDS_0087,integration and excision
CTPYSLQX_CDS_0088,unknown function
CTPYSLQX_CDS_0089,head and packaging
CTPYSLQX_CDS_0090,head and packaging
CTPYSLQX_CDS_0091,unknown function
CTPYSLQX_CDS_0092,unknown function
CTPYSLQX_CDS_0093,unknown function
CTPYSLQX_CDS_0094,DNA
CTPYSLQX_CDS_0095,unknown function
CTPYSLQX_CDS_0096,unknown function
CTPYSLQX_CDS_0097,unknown function
CTPYSLQX_CDS_0098,unknown function
CTPYSLQX_CDS_0099,unknown function
CTPYSLQX_CDS_0100,unknown function
CTPYSLQX_CDS_0101,integration and excision
CTPYSLQX_CDS_0102,unknown function
CTPYSLQX_CDS_0103,unknown function
CTPYSLQX_CDS_0104,unknown function
CTPYSLQX_CDS_0105,unknown function
CTPYSLQX_CDS_0106,unknown function
CTPYSLQX_CDS_0107,unknown function
CTPYSLQX_CDS_0108,unknown function
CTPYSLQX_CDS_0109,unknown function
CTPYSLQX_CDS_0110,unknown function
CTPYSLQX_CDS_0111,unknown function
EMXJOWTM_CDS_0001,DNA
EMXJOWTM_CDS_0002,unknown function
EMXJOWTM_CDS_0003,unknown function
EMXJOWTM_CDS_0004,unknown function
EMXJOWTM_CDS_0005,unknown function
EMXJOWTM_CDS_0006,integration and excision
EMXJOWTM_CDS_0007,integration and excision
EMXJOWTM_CDS_0008,unknown function
EMXJOWTM_CDS_0009,transcription regulation
EMXJOWTM_CDS_0010,transcription regulation
EMXJOWTM_CDS_0011,unknown function
EMXJOWTM_CDS_0012,unknown function
EMXJOWTM_CDS_0013,unknown function
EMXJOWTM_CDS_0014,DNA
EMXJOWTM_CDS_0015,unknown function
EMXJOWTM_CDS_0016,head and packaging
EMXJOWTM_CDS_0017,unknown function
EMXJOWTM_CDS_0018,unknown function
EMXJOWTM_CDS_0019,DNA
EMXJOWTM_CDS_0020,DNA
EMXJOWTM_CDS_0021,unknown function
EMXJOWTM_CDS_0022,unknown function
EMXJOWTM_CDS_0023,unknown function
EMXJOWTM_CDS_0024,unknown function
EMXJOWTM_CDS_0025,unknown function
EMXJOWTM_CDS_0026,unknown function
EMXJOWTM_CDS_0027,unknown function
EMXJOWTM_CDS_0028,unknown function
EMXJOWTM_CDS_0029,unknown function
EMXJOWTM_CDS_0030,unknown function
EMXJOWTM_CDS_0031,unknown function
EMXJOWTM_CDS_0032,lysis
EMXJOWTM_CDS_0033,lysis
EMXJOWTM_CDS_0034,unknown function
EMXJOWTM_CDS_0035,unknown function
EMXJOWTM_CDS_0036,unknown function
EMXJOWTM_CDS_0037,unknown function
EMXJOWTM_CDS_0038,unknown function
EMXJOWTM_CDS_0039,unknown function
EMXJOWTM_CDS_0040,head and packaging
EMXJOWTM_CDS_0041,head and packaging
EMXJOWTM_CDS_0042,unknown function
EMXJOWTM_CDS_0043,head and packaging
EMXJOWTM_CDS_0044,head and packaging
EMXJOWTM_CDS_0045,unknown function
EMXJOWTM_CDS_0046,head and packaging
EMXJOWTM_CDS_0047,tail
EMXJOWTM_CDS_0048,unknown function
EMXJOWTM_CDS_0049,unknown function
EMXJOWTM_CDS_0050,unknown function
EMXJOWTM_CDS_0051,unknown function
EMXJOWTM_CDS_0052,unknown function
EMXJOWTM_CDS_0053,unknown function
EMXJOWTM_CDS_0054,unknown function
EMXJOWTM_CDS_0055,unknown function
EMXJOWTM_CDS_0056,unknown function
EMXJOWTM_CDS_0057,integration and excision
EMXJOWTM_CDS_0058,unknown function
EMXJOWTM_CDS_0059,integration and excision
EMXJOWTM_CDS_0060,unknown function
EMXJOWTM_CDS_0061,unknown function
EMXJOWTM_CDS_0062,unknown function
EMXJOWTM_CDS_0063,unknown function
EMXJOWTM_CDS_0064,unknown function
EMXJOWTM_CDS_0065,unknown function
EMXJOWTM_CDS_0066,integration and excision
EMXJOWTM_CDS_0067,unknown function
EMXJOWTM_CDS_0068,unknown function
EMXJOWTM_CDS_0069,unknown function
EMXJOWTM_CDS_0070,unknown function
EMXJOWTM_CDS_0071,unknown function
EMXJOWTM_CDS_0072,unknown function
EMXJOWTM_CDS_0073,unknown function
EMXJOWTM_CDS_0074,unknown function
EMXJOWTM_CDS_0075,unknown function
EMXJOWTM_CDS_0076,unknown function
EMXJOWTM_CDS_0077,unknown function
EMXJOWTM_CDS_0078,unknown function
EMXJOWTM_CDS_0079,unknown function
EMXJOWTM_CDS_0080,unknown function
EMXJOWTM_CDS_0081,unknown function
EMXJOWTM_CDS_0082,unknown function
EMXJOWTM_CDS_0083,unknown function
EMXJOWTM_CDS_0084,unknown function
EMXJOWTM_CDS_0085,unknown function
EMXJOWTM_CDS_0086,unknown function
EMXJOWTM_CDS_0087,unknown function
EMXJOWTM_CDS_0088,unknown function
EMXJOWTM_CDS_0089,unknown function
EMXJOWTM_CDS_0090,unknown function
EMXJOWTM_CDS_0091,DNA
EMXJOWTM_CDS_0092,unknown function
EMXJOWTM_CDS_0093,unknown function
EMXJOWTM_CDS_0094,unknown function
EMXJOWTM_CDS_0095,unknown function
EMXJOWTM_CDS_0096,unknown function
EMXJOWTM_CDS_0097,unknown function
EMXJOWTM_CDS_0098,unknown function
EMXJOWTM_CDS_0099,unknown function
EMXJOWTM_CDS_0100,unknown function
EMXJOWTM_CDS_0101,unknown function
EMXJOWTM_CDS_0102,unknown function
EMXJOWTM_CDS_0103,other
SGWCKHMI_CDS_0001,unknown function
SGWCKHMI_CDS_0002,unknown function
SGWCKHMI_CDS_0003,unknown function
SGWCKHMI_CDS_0004,other
SGWCKHMI_CDS_0005,unknown function
SGWCKHMI_CDS_0006,DNA
SGWCKHMI_CDS_0007,unknown function
SGWCKHMI_CDS_0008,unknown function
SGWCKHMI_CDS_0009,unknown function
SGWCKHMI_CDS_0010,unknown function
SGWCKHMI_CDS_0011,unknown function
SGWCKHMI_CDS_0012,unknown function
SGWCKHMI_CDS_0013,unknown function
SGWCKHMI_CDS_0014,tail
SGWCKHMI_CDS_0015,head and packaging
SGWCKHMI_CDS_0016,unknown function
SGWCKHMI_CDS_0017,head and packaging
SGWCKHMI_CDS_0018,head and packaging
SGWCKHMI_CDS_0019,unknown function
SGWCKHMI_CDS_0020,head and packaging
SGWCKHMI_CDS_0021,head and packaging
SGWCKHMI_CDS_0022,unknown function
SGWCKHMI_CDS_0023,unknown function
SGWCKHMI_CDS_0024,unknown function
SGWCKHMI_CDS_0025,unknown function
SGWCKHMI_CDS_0026,unknown function
SGWCKHMI_CDS_0027,unknown function
SGWCKHMI_CDS_0028,lysis
SGWCKHMI_CDS_0029,lysis
SGWCKHMI_CDS_0030,unknown function
SGWCKHMI_CDS_0031,unknown function
SGWCKHMI_CDS_0032,unknown function
SGWCKHMI_CDS_0033,unknown function
SGWCKHMI_CDS_0034,unknown function
SGWCKHMI_CDS_0035,DNA
SGWCKHMI_CDS_0036,DNA
SGWCKHMI_CDS_0037,unknown function
SGWCKHMI_CDS_0038,unknown function
SGWCKHMI_CDS_0039,unknown function
SGWCKHMI_CDS_0040,unknown function
SGWCKHMI_CDS_0041,unknown function
SGWCKHMI_CDS_0042,unknown function
SGWCKHMI_CDS_0043,unknown function
SGWCKHMI_CDS_0044,unknown function
SGWCKHMI_CDS_0045,other
SGWCKHMI_CDS_0046,unknown function
SGWCKHMI_CDS_0047,unknown function
SGWCKHMI_CDS_0048,unknown function
SGWCKHMI_CDS_0049,unknown function
SGWCKHMI_CDS_0050,head and packaging
SGWCKHMI_CDS_0051,unknown function
SGWCKHMI_CDS_0052,DNA
SGWCKHMI_CDS_0053,unknown function
SGWCKHMI_CDS_0054,unknown function
SGWCKHMI_CDS_0055,unknown function
SGWCKHMI_CDS_0056,transcription regulation
SGWCKHMI_CDS_0057,unknown function
SGWCKHMI_CDS_0058,unknown function
SGWCKHMI_CDS_0059,unknown function
SGWCKHMI_CDS_0060,unknown function
SGWCKHMI_CDS_0061,unknown function
SGWCKHMI_CDS_0062,integration and excision
SGWCKHMI_CDS_0063,unknown function
SGWCKHMI_CDS_0064,unknown function
SGWCKHMI_CDS_0065,unknown function
SGWCKHMI_CDS_0066,unknown function
SGWCKHMI_CDS_0067,unknown function
SGWCKHMI_CDS_0068,unknown function
SGWCKHMI_CDS_0069,unknown function
SGWCKHMI_CDS_0070,unknown function
SGWCKHMI_CDS_0071,unknown function
SGWCKHMI_CDS_0072,unknown function
SGWCKHMI_CDS_0073,unknown function
SGWCKHMI_CDS_0074,unknown function
SGWCKHMI_CDS_0075,unknown function
SGWCKHMI_CDS_0076,unknown function
SGWCKHMI_CDS_0077,unknown function
SGWCKHMI_CDS_0078,unknown function
SGWCKHMI_CDS_0079,unknown function
SGWCKHMI_CDS_0080,unknown function
SGWCKHMI_CDS_0081,unknown function
SGWCKHMI_CDS_0082,unknown function
SGWCKHMI_CDS_0083,unknown function
SGWCKHMI_CDS_0084,unknown function
SGWCKHMI_CDS_0085,unknown function
SGWCKHMI_CDS_0086,unknown function
SGWCKHMI_CDS_0087,unknown function
SGWCKHMI_CDS_0088,unknown function
SGWCKHMI_CDS_0089,unknown function
SGWCKHMI_CDS_0090,unknown function
SGWCKHMI_CDS_0091,unknown function
SGWCKHMI_CDS_0092,unknown function
SGWCKHMI_CDS_0093,unknown function
SGWCKHMI_CDS_0094,unknown function
SGWCKHMI_CDS_0095,unknown function
SGWCKHMI_CDS_0096,unknown function
SGWCKHMI_CDS_0097,unknown function
SGWCKHMI_CDS_0098,other
SGWCKHMI_CDS_0099,unknown function
SGWCKHMI_CDS_0100,other
SGWCKHMI_CDS_0101,unknown function
SGWCKHMI_CDS_0102,unknown function
SGWCKHMI_CDS_0103,unknown function
SGWCKHMI_CDS_0104,unknown function
SGWCKHMI_CDS_0105,unknown function
SGWCKHMI_CDS_0106,unknown function
SGWCKHMI_CDS_0107,unknown function
SGWCKHMI_CDS_0108,unknown function
SGWCKHMI_CDS_0109,unknown function
SGWCKHMI_CDS_0110,unknown function
SGWCKHMI_CDS_0111,unknown function
SGWCKHMI_CDS_0112,unknown function
SGWCKHMI_CDS_0113,unknown function
SGWCKHMI_CDS_0114,unknown function
SGWCKHMI_CDS_0115,unknown function
SGWCKHMI_CDS_0116,unknown function
SGWCKHMI_CDS_0117,unknown function
AAWYSANS_CDS_0001,unknown function
AAWYSANS_CDS_0002,unknown function
AAWYSANS_CDS_0003,unknown function
AAWYSANS_CDS_0004,unknown function
AAWYSANS_CDS_0005,unknown function
AAWYSANS_CDS_0006,unknown function
AAWYSANS_CDS_0007,unknown function
AAWYSANS_CDS_0008,unknown function
AAWYSANS_CDS_0009,unknown function
AAWYSANS_CDS_0010,DNA
AAWYSANS_CDS_0011,DNA
AAWYSANS_CDS_0012,unknown function
AAWYSANS_CDS_0013,unknown function
AAWYSANS_CDS_0014,unknown function
AAWYSANS_CDS_0015,unknown function
AAWYSANS_CDS_0016,unknown function
AAWYSANS_CDS_0017,lysis
AAWYSANS_CDS_0018,lysis
AAWYSANS_CDS_0019,unknown function
AAWYSANS_CDS_0020,unknown function
AAWYSANS_CDS_0021,unknown function
AAWYSANS_CDS_0022,unknown function
AAWYSANS_CDS_0023,unknown function
AAWYSANS_CDS_0024,unknown function
AAWYSANS_CDS_0025,head and packaging
AAWYSANS_CDS_0026,head and packaging
AAWYSANS_CDS_0027,unknown function
AAWYSANS_CDS_0028,head and packaging
AAWYSANS_CDS_0029,head and packaging
AAWYSANS_CDS_0030,unknown function
AAWYSANS_CDS_0031,unknown function
AAWYSANS_CDS_0032,head and packaging
AAWYSANS_CDS_0033,tail
AAWYSANS_CDS_0034,unknown function
AAWYSANS_CDS_0035,unknown function
AAWYSANS_CDS_0036,unknown function
AAWYSANS_CDS_0037,unknown function
AAWYSANS_CDS_0038,unknown function
AAWYSANS_CDS_0039,unknown function
AAWYSANS_CDS_0040,unknown function
AAWYSANS_CDS_0041,DNA
AAWYSANS_CDS_0042,unknown function
AAWYSANS_CDS_0043,other
AAWYSANS_CDS_0044,unknown function
AAWYSANS_CDS_0045,unknown function
AAWYSANS_CDS_0046,unknown function
AAWYSANS_CDS_0047,unknown function
AAWYSANS_CDS_0048,unknown function
AAWYSANS_CDS_0049,unknown function
AAWYSANS_CDS_0050,unknown function
AAWYSANS_CDS_0051,unknown function
AAWYSANS_CDS_0052,unknown function
AAWYSANS_CDS_0053,unknown function
AAWYSANS_CDS_0054,unknown function
AAWYSANS_CDS_0055,unknown function
AAWYSANS_CDS_0056,unknown function
AAWYSANS_CDS_0057,unknown function
AAWYSANS_CDS_0058,unknown function
AAWYSANS_CDS_0059,unknown function
AAWYSANS_CDS_0060,unknown function
AAWYSANS_CDS_0061,unknown function
AAWYSANS_CDS_0062,unknown function
AAWYSANS_CDS_0063,unknown function
AAWYSANS_CDS_0064,unknown function
AAWYSANS_CDS_0065,unknown function
AAWYSANS_CDS_0066,unknown function
AAWYSANS_CDS_0067,unknown function
AAWYSANS_CDS_0068,unknown function
AAWYSANS_CDS_0069,other
AAWYSANS_CDS_0070,unknown function
AAWYSANS_CDS_0071,unknown function
AAWYSANS_CDS_0072,unknown function
AAWYSANS_CDS_0073,unknown function
AAWYSANS_CDS_0074,unknown function
AAWYSANS_CDS_0075,unknown function
AAWYSANS_CDS_0076,unknown function
AAWYSANS_CDS_0077,unknown function
AAWYSANS_CDS_0078,unknown function
AAWYSANS_CDS_0079,unknown function
AAWYSANS_CDS_0080,unknown function
AAWYSANS_CDS_0081,unknown function
AAWYSANS_CDS_0082,unknown function
AAWYSANS_CDS_0083,unknown function
AAWYSANS_CDS_0084,unknown function
AAWYSANS_CDS_0085,unknown function
AAWYSANS_CDS_0086,unknown function
AAWYSANS_CDS_0087,unknown function
AAWYSANS_CDS_0088,unknown function
AAWYSANS_CDS_0089,unknown function
AAWYSANS_CDS_0090,unknown function
AAWYSANS_CDS_0091,unknown function
AAWYSANS_CDS_0092,unknown function
AAWYSANS_CDS_0093,moron
AAWYSANS_CDS_0094,unknown function
AAWYSANS_CDS_0095,unknown function
AAWYSANS_CDS_0096,unknown function
AAWYSANS_CDS_0097,unknown function
AAWYSANS_CDS_0098,unknown function
AAWYSANS_CDS_0099,unknown function
AAWYSANS_CDS_0100,unknown function
AAWYSANS_CDS_0101,unknown function
ABGJKBDI_CDS_0001,unknown function
ABGJKBDI_CDS_0002,integration and excision
ABGJKBDI_CDS_0003,unknown function
ABGJKBDI_CDS_0004,unknown function
ABGJKBDI_CDS_0005,unknown function
ABGJKBDI_CDS_0006,transcription regulation
ABGJKBDI_CDS_0007,transcription regulation
ABGJKBDI_CDS_0008,unknown function
ABGJKBDI_CDS_0009,unknown function
ABGJKBDI_CDS_0010,unknown function
ABGJKBDI_CDS_0011,DNA
ABGJKBDI_CDS_0012,unknown function
ABGJKBDI_CDS_0013,head and packaging
ABGJKBDI_CDS_0014,unknown function
ABGJKBDI_CDS_0015,unknown function
ABGJKBDI_CDS_0016,DNA
ABGJKBDI_CDS_0017,DNA
ABGJKBDI_CDS_0018,unknown function
ABGJKBDI_CDS_0019,unknown function
ABGJKBDI_CDS_0020,unknown function
ABGJKBDI_CDS_0021,unknown function
ABGJKBDI_CDS_0022,unknown function
ABGJKBDI_CDS_0023,unknown function
ABGJKBDI_CDS_0024,unknown function
ABGJKBDI_CDS_0025,unknown function
ABGJKBDI_CDS_0026,lysis
ABGJKBDI_CDS_0027,lysis
ABGJKBDI_CDS_0028,unknown function
ABGJKBDI_CDS_0029,unknown function
ABGJKBDI_CDS_0030,unknown function
ABGJKBDI_CDS_0031,unknown function
ABGJKBDI_CDS_0032,unknown function
ABGJKBDI_CDS_0033,unknown function
ABGJKBDI_CDS_0034,head and packaging
ABGJKBDI_CDS_0035,head and packaging
ABGJKBDI_CDS_0036,unknown function
ABGJKBDI_CDS_0037,head and packaging
ABGJKBDI_CDS_0038,head and packaging
ABGJKBDI_CDS_0039,unknown function
ABGJKBDI_CDS_0040,head and packaging
ABGJKBDI_CDS_0041,tail
ABGJKBDI_CDS_0042,unknown function
ABGJKBDI_CDS_0043,unknown function
ABGJKBDI_CDS_0044,unknown function
ABGJKBDI_CDS_0045,unknown function
ABGJKBDI_CDS_0046,unknown function
ABGJKBDI_CDS_0047,unknown function
ABGJKBDI_CDS_0048,unknown function
ABGJKBDI_CDS_0049,DNA
ABGJKBDI_CDS_0050,unknown function
ABGJKBDI_CDS_0051,unknown function
ABGJKBDI_CDS_0052,unknown function
ABGJKBDI_CDS_0053,other
ABGJKBDI_CDS_0054,unknown function
ABGJKBDI_CDS_0055,transcription regulation
ABGJKBDI_CDS_0056,unknown function
ABGJKBDI_CDS_0057,unknown function
ABGJKBDI_CDS_0058,unknown function
ABGJKBDI_CDS_0059,unknown function
ABGJKBDI_CDS_0060,unknown function
ABGJKBDI_CDS_0061,unknown function
ABGJKBDI_CDS_0062,unknown function
ABGJKBDI_CDS_0063,unknown function
ABGJKBDI_CDS_0064,unknown function
ABGJKBDI_CDS_0065,unknown function
ABGJKBDI_CDS_0066,unknown function
ABGJKBDI_CDS_0067,unknown function
ABGJKBDI_CDS_0068,unknown function
ABGJKBDI_CDS_0069,unknown function
ABGJKBDI_CDS_0070,unknown function
ABGJKBDI_CDS_0071,unknown function
ABGJKBDI_CDS_0072,unknown function
ABGJKBDI_CDS_0073,unknown function
ABGJKBDI_CDS_0074,unknown function
ABGJKBDI_CDS_0075,unknown function
ABGJKBDI_CDS_0076,unknown function
ABGJKBDI_CDS_0077,unknown function
ABGJKBDI_CDS_0078,integration and excision
ZLDOZGKF_CDS_0001,unknown function
ZLDOZGKF_CDS_0002,unknown function
ZLDOZGKF_CDS_0003,unknown function
ZLDOZGKF_CDS_0004,unknown function
ZLDOZGKF_CDS_0005,unknown function
ZLDOZGKF_CDS_0006,unknown function
ZLDOZGKF_CDS_0007,unknown function
ZLDOZGKF_CDS_0008,unknown function
ZLDOZGKF_CDS_0009,unknown function
ZLDOZGKF_CDS_0010,head and packaging
ZLDOZGKF_CDS_0011,head and packaging
ZLDOZGKF_CDS_0012,unknown function
ZLDOZGKF_CDS_0013,unknown function
ZLDOZGKF_CDS_0014,unknown function
ZLDOZGKF_CDS_0015,moron
ZLDOZGKF_CDS_0016,unknown function
ZLDOZGKF_CDS_0017,unknown function
ZLDOZGKF_CDS_0018,unknown function
ZLDOZGKF_CDS_0019,moron
ZLDOZGKF_CDS_0020,unknown function
ZLDOZGKF_CDS_0021,unknown function
ZLDOZGKF_CDS_0022,unknown function
ZLDOZGKF_CDS_0023,unknown function
ZLDOZGKF_CDS_0024,unknown function
ZLDOZGKF_CDS_0025,unknown function
ZLDOZGKF_CDS_0026,other
ZLDOZGKF_CDS_0027,unknown function
ZLDOZGKF_CDS_0028,unknown function
ZLDOZGKF_CDS_0029,unknown function
ZLDOZGKF_CDS_0030,unknown function
ZLDOZGKF_CDS_0031,unknown function
ZLDOZGKF_CDS_0032,unknown function
ZLDOZGKF_CDS_0033,unknown function
ZLDOZGKF_CDS_0034,unknown function
ZLDOZGKF_CDS_0035,unknown function
ZLDOZGKF_CDS_0036,unknown function
ZLDOZGKF_CDS_0037,unknown function
ZLDOZGKF_CDS_0038,unknown function
ZLDOZGKF_CDS_0039,unknown function
ZLDOZGKF_CDS_0040,unknown function
ZLDOZGKF_CDS_0041,unknown function
ZLDOZGKF_CDS_0042,unknown function
ZLDOZGKF_CDS_0043,unknown function
ZLDOZGKF_CDS_0044,unknown function
ZLDOZGKF_CDS_0045,unknown function
ZLDOZGKF_CDS_0046,unknown function
ZLDOZGKF_CDS_0047,unknown function
ZLDOZGKF_CDS_0048,unknown function
ZLDOZGKF_CDS_0049,unknown function
ZLDOZGKF_CDS_0050,unknown function
ZLDOZGKF_CDS_0051,unknown function
ZLDOZGKF_CDS_0052,unknown function
ZLDOZGKF_CDS_0053,unknown function
ZLDOZGKF_CDS_0054,unknown function
ZLDOZGKF_CDS_0055,unknown function
ZLDOZGKF_CDS_0056,unknown function
ZLDOZGKF_CDS_0057,unknown function
ZLDOZGKF_CDS_0058,unknown function
ZLDOZGKF_CDS_0059,unknown function
ZLDOZGKF_CDS_0060,tail
ZLDOZGKF_CDS_0061,head and packaging
ZLDOZGKF_CDS_0062,unknown function
ZLDOZGKF_CDS_0063,head and packaging
ZLDOZGKF_CDS_0064,head and packaging
ZLDOZGKF_CDS_0065,unknown function
ZLDOZGKF_CDS_0066,head and packaging
ZLDOZGKF_CDS_0067,head and packaging
ZLDOZGKF_CDS_0068,unknown function
ZLDOZGKF_CDS_0069,unknown function
ZLDOZGKF_CDS_0070,unknown function
ZLDOZGKF_CDS_0071,unknown function
ZLDOZGKF_CDS_0072,unknown function
ZLDOZGKF_CDS_0073,unknown function
ZLDOZGKF_CDS_0074,lysis
ZLDOZGKF_CDS_0075,lysis
ZLDOZGKF_CDS_0076,unknown function
ZLDOZGKF_CDS_0077,unknown function
ZLDOZGKF_CDS_0078,unknown function
ZLDOZGKF_CDS_0079,unknown function
VZUBQWZL_CDS_0001,unknown function
VZUBQWZL_CDS_0002,unknown function
VZUBQWZL_CDS_0003,unknown function
VZUBQWZL_CDS_0004,unknown function
VZUBQWZL_CDS_0005,unknown function
VZUBQWZL_CDS_0006,unknown function
VZUBQWZL_CDS_0007,unknown function
VZUBQWZL_CDS_0008,unknown function
VZUBQWZL_CDS_0009,unknown function
VZUBQWZL_CDS_0010,unknown function
VZUBQWZL_CDS_0011,tail
VZUBQWZL_CDS_0012,head and packaging
VZUBQWZL_CDS_0013,unknown function
VZUBQWZL_CDS_0014,head and packaging
VZUBQWZL_CDS_0015,head and packaging
VZUBQWZL_CDS_0016,unknown function
VZUBQWZL_CDS_0017,head and packaging
VZUBQWZL_CDS_0018,head and packaging
VZUBQWZL_CDS_0019,unknown function
VZUBQWZL_CDS_0020,unknown function
VZUBQWZL_CDS_0021,unknown function
VZUBQWZL_CDS_0022,unknown function
VZUBQWZL_CDS_0023,unknown function
VZUBQWZL_CDS_0024,unknown function
VZUBQWZL_CDS_0025,lysis
VZUBQWZL_CDS_0026,lysis
VZUBQWZL_CDS_0027,unknown function
VZUBQWZL_CDS_0028,unknown function
VZUBQWZL_CDS_0029,unknown function
VZUBQWZL_CDS_0030,unknown function
VZUBQWZL_CDS_0031,unknown function
VZUBQWZL_CDS_0032,DNA
VZUBQWZL_CDS_0033,unknown function
VZUBQWZL_CDS_0034,unknown function
VZUBQWZL_CDS_0035,unknown function
VZUBQWZL_CDS_0036,head and packaging
VZUBQWZL_CDS_0037,unknown function
VZUBQWZL_CDS_0038,DNA
VZUBQWZL_CDS_0039,unknown function
VZUBQWZL_CDS_0040,unknown function
VZUBQWZL_CDS_0041,unknown function
VZUBQWZL_CDS_0042,transcription regulation
VZUBQWZL_CDS_0043,unknown function
VZUBQWZL_CDS_0044,unknown function
VZUBQWZL_CDS_0045,unknown function
VZUBQWZL_CDS_0046,unknown function
VZUBQWZL_CDS_0047,integration and excision
VZUBQWZL_CDS_0048,unknown function
VZUBQWZL_CDS_0049,unknown function
VZUBQWZL_CDS_0050,unknown function
VZUBQWZL_CDS_0051,unknown function
VZUBQWZL_CDS_0052,unknown function
VZUBQWZL_CDS_0053,unknown function
VZUBQWZL_CDS_0054,unknown function
VZUBQWZL_CDS_0055,unknown function
VZUBQWZL_CDS_0056,unknown function
VZUBQWZL_CDS_0057,unknown function
VZUBQWZL_CDS_0058,unknown function
VZUBQWZL_CDS_0059,unknown function
VZUBQWZL_CDS_0060,unknown function
VZUBQWZL_CDS_0061,unknown function
VZUBQWZL_CDS_0062,unknown function
VZUBQWZL_CDS_0063,unknown function
VZUBQWZL_CDS_0064,unknown function
VZUBQWZL_CDS_0065,unknown function
VZUBQWZL_CDS_0066,unknown function
VZUBQWZL_CDS_0067,unknown function
VZUBQWZL_CDS_0068,unknown function
VZUBQWZL_CDS_0069,unknown function
VZUBQWZL_CDS_0070,unknown function
VZUBQWZL_CDS_0071,unknown function
VZUBQWZL_CDS_0072,unknown function
VZUBQWZL_CDS_0073,unknown function
VZUBQWZL_CDS_0074,unknown function
VZUBQWZL_CDS_0075,unknown function
PFWALENV_CDS_0001,unknown function
PFWALENV_CDS_0002,unknown function
PFWALENV_CDS_0003,unknown function
PFWALENV_CDS_0004,unknown function
PFWALENV_CDS_0005,unknown function
PFWALENV_CDS_0006,unknown function
PFWALENV_CDS_0007,unknown function
PFWALENV_CDS_0008,unknown function
PFWALENV_CDS_0009,unknown function
PFWALENV_CDS_0010,unknown function
PFWALENV_CDS_0011,unknown function
PFWALENV_CDS_0012,unknown function
PFWALENV_CDS_0013,unknown function
PFWALENV_CDS_0014,unknown function
PFWALENV_CDS_0015,unknown function
PFWALENV_CDS_0016,unknown function
PFWALENV_CDS_0017,unknown function
PFWALENV_CDS_0018,unknown function
PFWALENV_CDS_0019,tail
PFWALENV_CDS_0020,head and packaging
PFWALENV_CDS_0021,unknown function
PFWALENV_CDS_0022,head and packaging
PFWALENV_CDS_0023,head and packaging
PFWALENV_CDS_0024,unknown function
PFWALENV_CDS_0025,head and packaging
PFWALENV_CDS_0026,head and packaging
PFWALENV_CDS_0027,unknown function
PFWALENV_CDS_0028,unknown function
PFWALENV_CDS_0029,unknown function
PFWALENV_CDS_0030,unknown function
PFWALENV_CDS_0031,unknown function
PFWALENV_CDS_0032,unknown function
PFWALENV_CDS_0033,lysis
PFWALENV_CDS_0034,lysis
PFWALENV_CDS_0035,unknown function
PFWALENV_CDS_0036,unknown function
PFWALENV_CDS_0037,unknown function
PFWALENV_CDS_0038,unknown function
PFWALENV_CDS_0039,unknown function
PFWALENV_CDS_0040,other
PFWALENV_CDS_0041,unknown function
PFWALENV_CDS_0042,unknown function
PFWALENV_CDS_0043,unknown function
PFWALENV_CDS_0044,other
PFWALENV_CDS_0045,unknown function
PFWALENV_CDS_0046,unknown function
PFWALENV_CDS_0047,unknown function
PFWALENV_CDS_0048,unknown function
PFWALENV_CDS_0049,unknown function
PFWALENV_CDS_0050,unknown function
PFWALENV_CDS_0051,unknown function
PFWALENV_CDS_0052,unknown function
PFWALENV_CDS_0053,unknown function
PFWALENV_CDS_0054,unknown function
PFWALENV_CDS_0055,unknown function
PFWALENV_CDS_0056,unknown function
PFWALENV_CDS_0057,unknown function
PFWALENV_CDS_0058,unknown function
PFWALENV_CDS_0059,unknown function
PFWALENV_CDS_0060,unknown function
PFWALENV_CDS_0061,unknown function
PFWALENV_CDS_0062,unknown function
PFWALENV_CDS_0063,unknown function
PFWALENV_CDS_0064,unknown function
PFWALENV_CDS_0065,other
PFWALENV_CDS_0066,unknown function
PFWALENV_CDS_0067,unknown function
PFWALENV_CDS_0068,unknown function
PFWALENV_CDS_0069,unknown function
PFWALENV_CDS_0070,unknown function
PFWALENV_CDS_0071,unknown function
PFWALENV_CDS_0072,unknown function
PFWALENV_CDS_0073,unknown function
PFWALENV_CDS_0074,unknown function
PFWALENV_CDS_0075,unknown function
PFWALENV_CDS_0076,unknown function
PFWALENV_CDS_0077,unknown function
PFWALENV_CDS_0078,unknown function
PFWALENV_CDS_0079,unknown function
PFWALENV_CDS_0080,unknown function
PFWALENV_CDS_0081,unknown function
PFWALENV_CDS_0082,unknown function
PFWALENV_CDS_0083,unknown function
PFWALENV_CDS_0084,other
PFWALENV_CDS_0085,unknown function
PFWALENV_CDS_0086,unknown function
PFWALENV_CDS_0087,unknown function
PFWALENV_CDS_0088,unknown function
IHMAYSMO_CDS_0001,unknown function
IHMAYSMO_CDS_0002,unknown function
IHMAYSMO_CDS_0003,unknown function
IHMAYSMO_CDS_0004,unknown function
IHMAYSMO_CDS_0005,unknown function
IHMAYSMO_CDS_0006,unknown function
IHMAYSMO_CDS_0007,unknown function
IHMAYSMO_CDS_0008,unknown function
IHMAYSMO_CDS_0009,unknown function
IHMAYSMO_CDS_0010,unknown function
IHMAYSMO_CDS_0011,unknown function
IHMAYSMO_CDS_0012,unknown function
IHMAYSMO_CDS_0013,unknown function
IHMAYSMO_CDS_0014,tail
IHMAYSMO_CDS_0015,head and packaging
IHMAYSMO_CDS_0016,unknown function
IHMAYSMO_CDS_0017,head and packaging
IHMAYSMO_CDS_0018,head and packaging
IHMAYSMO_CDS_0019,unknown function
IHMAYSMO_CDS_0020,head and packaging
IHMAYSMO_CDS_0021,head and packaging
IHMAYSMO_CDS_0022,unknown function
IHMAYSMO_CDS_0023,unknown function
IHMAYSMO_CDS_0024,unknown function
IHMAYSMO_CDS_0025,unknown function
IHMAYSMO_CDS_0026,unknown function
IHMAYSMO_CDS_0027,unknown function
IHMAYSMO_CDS_0028,lysis
IHMAYSMO_CDS_0029,lysis
IHMAYSMO_CDS_0030,unknown function
IHMAYSMO_CDS_0031,unknown function
IHMAYSMO_CDS_0032,unknown function
IHMAYSMO_CDS_0033,unknown function
IHMAYSMO_CDS_0034,unknown function
IHMAYSMO_CDS_0035,other
IHMAYSMO_CDS_0036,unknown function
IHMAYSMO_CDS_0037,unknown function
IHMAYSMO_CDS_0038,unknown function
IHMAYSMO_CDS_0039,unknown function
IHMAYSMO_CDS_0040,head and packaging
IHMAYSMO_CDS_0041,unknown function
IHMAYSMO_CDS_0042,DNA
IHMAYSMO_CDS_0043,unknown function
IHMAYSMO_CDS_0044,unknown function
IHMAYSMO_CDS_0045,unknown function
IHMAYSMO_CDS_0046,transcription regulation
IHMAYSMO_CDS_0047,transcription regulation
IHMAYSMO_CDS_0048,unknown function
IHMAYSMO_CDS_0049,unknown function
IHMAYSMO_CDS_0050,integration and excision
IHMAYSMO_CDS_0051,integration and excision
IHMAYSMO_CDS_0052,unknown function
IHMAYSMO_CDS_0053,unknown function
IHMAYSMO_CDS_0054,unknown function
IHMAYSMO_CDS_0055,unknown function
IHMAYSMO_CDS_0056,unknown function
IHMAYSMO_CDS_0057,unknown function
IHMAYSMO_CDS_0058,unknown function
IHMAYSMO_CDS_0059,unknown function
IHMAYSMO_CDS_0060,unknown function
IHMAYSMO_CDS_0061,unknown function
IHMAYSMO_CDS_0062,unknown function
IHMAYSMO_CDS_0063,unknown function
IHMAYSMO_CDS_0064,unknown function
IHMAYSMO_CDS_0065,unknown function
IHMAYSMO_CDS_0066,unknown function
IHMAYSMO_CDS_0067,unknown function
IHMAYSMO_CDS_0068,unknown function
IHMAYSMO_CDS_0069,unknown function
IHMAYSMO_CDS_0070,unknown function
IHMAYSMO_CDS_0071,unknown function
IHMAYSMO_CDS_0072,unknown function
IHMAYSMO_CDS_0073,unknown function
JUWNNLIA_CDS_0001,unknown function
JUWNNLIA_CDS_0002,unknown function
JUWNNLIA_CDS_0003,unknown function
JUWNNLIA_CDS_0004,unknown function
JUWNNLIA_CDS_0005,unknown function
JUWNNLIA_CDS_0006,unknown function
JUWNNLIA_CDS_0007,unknown function
JUWNNLIA_CDS_0008,unknown function
JUWNNLIA_CDS_0009,unknown function
JUWNNLIA_CDS_0010,unknown function
JUWNNLIA_CDS_0011,unknown function
JUWNNLIA_CDS_0012,unknown function
JUWNNLIA_CDS_0013,unknown function
JUWNNLIA_CDS_0014,unknown function
JUWNNLIA_CDS_0015,tail
JUWNNLIA_CDS_0016,head and packaging
JUWNNLIA_CDS_0017,unknown function
JUWNNLIA_CDS_0018,head and packaging
JUWNNLIA_CDS_0019,head and packaging
JUWNNLIA_CDS_0020,unknown function
JUWNNLIA_CDS_0021,head and packaging
JUWNNLIA_CDS_0022,head and packaging
JUWNNLIA_CDS_0023,unknown function
JUWNNLIA_CDS_0024,unknown function
JUWNNLIA_CDS_0025,unknown function
JUWNNLIA_CDS_0026,unknown function
JUWNNLIA_CDS_0027,unknown function
JUWNNLIA_CDS_0028,unknown function
JUWNNLIA_CDS_0029,lysis
JUWNNLIA_CDS_0030,lysis
JUWNNLIA_CDS_0031,unknown function
JUWNNLIA_CDS_0032,unknown function
JUWNNLIA_CDS_0033,unknown function
JUWNNLIA_CDS_0034,unknown function
JUWNNLIA_CDS_0035,unknown function
JUWNNLIA_CDS_0036,unknown function
JUWNNLIA_CDS_0037,transcription regulation
JUWNNLIA_CDS_0038,unknown function
UTXCNRFB_CDS_0001,unknown function
UTXCNRFB_CDS_0002,unknown function
UTXCNRFB_CDS_0003,integration and excision
UTXCNRFB_CDS_0004,unknown function
UTXCNRFB_CDS_0005,unknown function
UTXCNRFB_CDS_0006,unknown function
UTXCNRFB_CDS_0007,transcription regulation
UTXCNRFB_CDS_0008,unknown function
UTXCNRFB_CDS_0009,unknown function
UTXCNRFB_CDS_0010,unknown function
UTXCNRFB_CDS_0011,DNA
UTXCNRFB_CDS_0012,unknown function
UTXCNRFB_CDS_0013,head and packaging
UTXCNRFB_CDS_0014,unknown function
UTXCNRFB_CDS_0015,unknown function
UTXCNRFB_CDS_0016,unknown function
UTXCNRFB_CDS_0017,unknown function
UTXCNRFB_CDS_0018,unknown function
UTXCNRFB_CDS_0019,unknown function
UTXCNRFB_CDS_0020,unknown function
UTXCNRFB_CDS_0021,unknown function
UTXCNRFB_CDS_0022,unknown function
UTXCNRFB_CDS_0023,unknown function
UTXCNRFB_CDS_0024,unknown function
UTXCNRFB_CDS_0025,unknown function
UTXCNRFB_CDS_0026,DNA
UTXCNRFB_CDS_0027,DNA
UTXCNRFB_CDS_0028,unknown function
UTXCNRFB_CDS_0029,unknown function
UTXCNRFB_CDS_0030,unknown function
UTXCNRFB_CDS_0031,unknown function
UTXCNRFB_CDS_0032,unknown function
UTXCNRFB_CDS_0033,lysis
UTXCNRFB_CDS_0034,lysis
UTXCNRFB_CDS_0035,unknown function
UTXCNRFB_CDS_0036,unknown function
UTXCNRFB_CDS_0037,unknown function
UTXCNRFB_CDS_0038,unknown function
UTXCNRFB_CDS_0039,unknown function
UTXCNRFB_CDS_0040,unknown function
UTXCNRFB_CDS_0041,head and packaging
UTXCNRFB_CDS_0042,head and packaging
UTXCNRFB_CDS_0043,unknown function
UTXCNRFB_CDS_0044,head and packaging
UTXCNRFB_CDS_0045,head and packaging
UTXCNRFB_CDS_0046,unknown function
UTXCNRFB_CDS_0047,unknown function
UTXCNRFB_CDS_0048,head and packaging
UTXCNRFB_CDS_0049,tail
UTXCNRFB_CDS_0050,unknown function
UTXCNRFB_CDS_0051,unknown function
UTXCNRFB_CDS_0052,unknown function
UTXCNRFB_CDS_0053,unknown function
UTXCNRFB_CDS_0054,unknown function
UTXCNRFB_CDS_0055,unknown function
UTXCNRFB_CDS_0056,unknown function
UTXCNRFB_CDS_0057,DNA
UTXCNRFB_CDS_0058,unknown function
UTXCNRFB_CDS_0059,unknown function
UTXCNRFB_CDS_0060,unknown function
UTXCNRFB_CDS_0061,other
UTXCNRFB_CDS_0062,unknown function
UTXCNRFB_CDS_0063,unknown function
UTXCNRFB_CDS_0064,transcription regulation
UTXCNRFB_CDS_0065,unknown function
UTXCNRFB_CDS_0066,unknown function
UTXCNRFB_CDS_0067,unknown function
UTXCNRFB_CDS_0068,unknown function
UTXCNRFB_CDS_0069,unknown function
UTXCNRFB_CDS_0070,unknown function
UTXCNRFB_CDS_0071,unknown function
UTXCNRFB_CDS_0072,unknown function
UTXCNRFB_CDS_0073,unknown function
UTXCNRFB_CDS_0074,unknown function
UTXCNRFB_CDS_0075,unknown function
UTXCNRFB_CDS_0076,unknown function
UTXCNRFB_CDS_0077,unknown function
UTXCNRFB_CDS_0078,unknown function
UTXCNRFB_CDS_0079,DNA
UTXCNRFB_CDS_0080,unknown function
UTXCNRFB_CDS_0081,unknown function
UTXCNRFB_CDS_0082,integration and excision
UTXCNRFB_CDS_0083,unknown function
UTXCNRFB_CDS_0084,unknown function
UTXCNRFB_CDS_0085,other
UTXCNRFB_CDS_0086,unknown function
UTXCNRFB_CDS_0087,unknown function
UTXCNRFB_CDS_0088,unknown function
UTXCNRFB_CDS_0089,unknown function
UTXCNRFB_CDS_0090,unknown function
UTXCNRFB_CDS_0091,unknown function
UTXCNRFB_CDS_0092,unknown function
UTXCNRFB_CDS_0093,unknown function
UTXCNRFB_CDS_0094,unknown function
UTXCNRFB_CDS_0095,unknown function
UTXCNRFB_CDS_0096,unknown function
UTXCNRFB_CDS_0097,unknown function
UTXCNRFB_CDS_0098,unknown function
UTXCNRFB_CDS_0099,unknown function
UTXCNRFB_CDS_0100,unknown function
UTXCNRFB_CDS_0101,moron
UTXCNRFB_CDS_0102,unknown function
UTXCNRFB_CDS_0103,unknown function
UTXCNRFB_CDS_0104,unknown function
UTXCNRFB_CDS_0105,unknown function
UTXCNRFB_CDS_0106,unknown function
UTXCNRFB_CDS_0107,unknown function
UTXCNRFB_CDS_0108,unknown function
TOGQRVWD_CDS_0001,unknown function
TOGQRVWD_CDS_0002,unknown function
TOGQRVWD_CDS_0003,unknown function
TOGQRVWD_CDS_0004,unknown function
TOGQRVWD_CDS_0005,unknown function
TOGQRVWD_CDS_0006,unknown function
TOGQRVWD_CDS_0007,unknown function
TOGQRVWD_CDS_0008,tail
TOGQRVWD_CDS_0009,head and packaging
TOGQRVWD_CDS_0010,unknown function
TOGQRVWD_CDS_0011,head and packaging
TOGQRVWD_CDS_0012,head and packaging
TOGQRVWD_CDS_0013,unknown function
TOGQRVWD_CDS_0014,head and packaging
TOGQRVWD_CDS_0015,head and packaging
TOGQRVWD_CDS_0016,unknown function
TOGQRVWD_CDS_0017,unknown function
TOGQRVWD_CDS_0018,unknown function
TOGQRVWD_CDS_0019,unknown function
TOGQRVWD_CDS_0020,unknown function
TOGQRVWD_CDS_0021,unknown function
TOGQRVWD_CDS_0022,lysis
TOGQRVWD_CDS_0023,lysis
TOGQRVWD_CDS_0024,unknown function
TOGQRVWD_CDS_0025,unknown function
TOGQRVWD_CDS_0026,unknown function
TOGQRVWD_CDS_0027,unknown function
TOGQRVWD_CDS_0028,unknown function
TOGQRVWD_CDS_0029,unknown function
TOGQRVWD_CDS_0030,DNA
TOGQRVWD_CDS_0031,DNA
TOGQRVWD_CDS_0032,unknown function
TOGQRVWD_CDS_0033,unknown function
TOGQRVWD_CDS_0034,unknown function
TOGQRVWD_CDS_0035,unknown function
TOGQRVWD_CDS_0036,unknown function
TOGQRVWD_CDS_0037,unknown function
TOGQRVWD_CDS_0038,other
TOGQRVWD_CDS_0039,unknown function
TOGQRVWD_CDS_0040,unknown function
TOGQRVWD_CDS_0041,unknown function
TOGQRVWD_CDS_0042,head and packaging
TOGQRVWD_CDS_0043,unknown function
TOGQRVWD_CDS_0044,DNA
TOGQRVWD_CDS_0045,unknown function
TOGQRVWD_CDS_0046,unknown function
TOGQRVWD_CDS_0047,unknown function
TOGQRVWD_CDS_0048,transcription regulation
TOGQRVWD_CDS_0049,transcription regulation
TOGQRVWD_CDS_0050,unknown function
TOGQRVWD_CDS_0051,unknown function
TOGQRVWD_CDS_0052,unknown function
TOGQRVWD_CDS_0053,integration and excision
TOGQRVWD_CDS_0054,unknown function
TOGQRVWD_CDS_0055,DNA
TOGQRVWD_CDS_0056,unknown function
TOGQRVWD_CDS_0057,other
TOGQRVWD_CDS_0058,unknown function
TOGQRVWD_CDS_0059,unknown function
TOGQRVWD_CDS_0060,unknown function
TOGQRVWD_CDS_0061,unknown function
TOGQRVWD_CDS_0062,unknown function
TOGQRVWD_CDS_0063,unknown function
TOGQRVWD_CDS_0064,unknown function
TOGQRVWD_CDS_0065,unknown function
TOGQRVWD_CDS_0066,unknown function
TOGQRVWD_CDS_0067,unknown function
TOGQRVWD_CDS_0068,unknown function
TOGQRVWD_CDS_0069,unknown function
TOGQRVWD_CDS_0070,unknown function
TOGQRVWD_CDS_0071,unknown function
TOGQRVWD_CDS_0072,unknown function
TOGQRVWD_CDS_0073,unknown function
TOGQRVWD_CDS_0074,unknown function
TOGQRVWD_CDS_0075,unknown function
TOGQRVWD_CDS_0076,unknown function
TOGQRVWD_CDS_0077,unknown function
TOGQRVWD_CDS_0078,unknown function
TOGQRVWD_CDS_0079,other
TOGQRVWD_CDS_0080,unknown function
TOGQRVWD_CDS_0081,other
TOGQRVWD_CDS_0082,unknown function
TOGQRVWD_CDS_0083,unknown function
TOGQRVWD_CDS_0084,unknown function
TOGQRVWD_CDS_0085,unknown function
TOGQRVWD_CDS_0086,unknown function
TOGQRVWD_CDS_0087,unknown function
TOGQRVWD_CDS_0088,unknown function
TOGQRVWD_CDS_0089,unknown function
TOGQRVWD_CDS_0090,unknown function
TOGQRVWD_CDS_0091,unknown function
TOGQRVWD_CDS_0092,unknown function
TOGQRVWD_CDS_0093,unknown function
TOGQRVWD_CDS_0094,unknown function
TOGQRVWD_CDS_0095,unknown function
TOGQRVWD_CDS_0096,unknown function
TOGQRVWD_CDS_0097,unknown function
TOGQRVWD_CDS_0098,unknown function
TOGQRVWD_CDS_0099,unknown function
TOGQRVWD_CDS_0100,unknown function
TOGQRVWD_CDS_0101,unknown function
TOGQRVWD_CDS_0102,unknown function
TOGQRVWD_CDS_0103,unknown function
TOGQRVWD_CDS_0104,unknown function
TOGQRVWD_CDS_0105,unknown function
TOGQRVWD_CDS_0106,unknown function
